"Txhash","Blockno","UnixTimestamp","DateTime","From","To","Quantity","Method"
"0xd29039d7b95cdde725a6f31fbea670af40a05fdcd5652b4b1c7c1f75f1c8b58e","6189960","1534892412","2018-08-21 23:00:12","0x692f885987e094408955616fa189ad935c92d328","0x908e57051a646cc2002eda8fde693bdeeec9f850","30","Transfer"
"0x3589750d97536cc4c5a86eb5ca7f4744380c5cbb2071da3cde4ce3d05dafb755","6189962","1534892422","2018-08-21 23:00:22","0xaedf50a427ba3d3254aa20d944a4b46af86cd3d8","0xc0f72dcf510bae839a58f6f3db7a320e4b8ceb3c","30","Transfer"
"0xb0248040169221809db1ad7b8887f8f587c4267db3a5ef44c9cb1d9d099db840","6189971","1534892567","2018-08-21 23:02:47","0x16d364aa6e3960579fd558bd451da02f9526e682","0x908e57051a646cc2002eda8fde693bdeeec9f850","30","Transfer"
"0x9f524f84c869a832ec8fe9e130d7d70b28de5597b8e647c33fa5ffb8a0565a40","6189975","1534892661","2018-08-21 23:04:21","0x908e57051a646cc2002eda8fde693bdeeec9f850","0x3f5ce5fbfe3e9af3971dd833d26ba9b5c936f0be","180","Transfer"
"0x9a131530547437341a8903007b8ed49f1ca116597156f70b1801e0c910b6d5f8","6189978","1534892696","2018-08-21 23:04:56","0xd867bbae0154d55b9fbfad45d007ee79cda5804e","0xa33cb68f3bbe01feb048f78da3cce3af0e48b317","764.59868","Transfer"
"0xc2ce17358f658a147fa163c6ddd261c191e9259641c4bf7b82f19d5fdf1f2950","6189985","1534892766","2018-08-21 23:06:06","0x3854613bfc00e7d8b7ec84cbf697792d1be111c8","0x908e57051a646cc2002eda8fde693bdeeec9f850","30","Transfer"
"0x0e87aa10707ff67c278b2e4ad0278843dbc7501f03de6c1c1add0fb573634b24","6190000","1534892931","2018-08-21 23:08:51","0xdf64bf6c9bfb82f6f9f8c4c5e0a9cebe3f6b93be","0x908e57051a646cc2002eda8fde693bdeeec9f850","30","Transfer"
"0x6449acd22ed31d76c159ea3501b15a1dfb3ac187b06f4fd156cd5f3457e8d7c9","6190026","1534893241","2018-08-21 23:14:01","0x6cc5f688a315f3dc28a7781717a9a798a59fda7b","0xe1edbbe047ace1f791489e2a1f04ac6476ebc988","2,487","Transfer"
"0x1acabf54bb94a2e9c7458d025b676b00be9143c8de3fa6b8668b69e24e91a583","6190028","1534893273","2018-08-21 23:14:33","0x42f571f17bbe1194085c92286367b9d27a2e7744","0x908e57051a646cc2002eda8fde693bdeeec9f850","30","Transfer"
"0x881ae85e157f8cc904ed15ed2d7f454dc61fc3615a0c9df93413399ae7127853","6190042","1534893496","2018-08-21 23:18:16","0xa00e9883f5b12cefeba6c8aa80c4cdaa870f4bd0","0x908e57051a646cc2002eda8fde693bdeeec9f850","30","Transfer"
"0xb9aceffedf5e5c3ee140f91a20139c55233b874bc839f7d994468f6d7485f251","6190056","1534893706","2018-08-21 23:21:46","0x181a9cabd9c0db884e06438103912672fdb73423","0x908e57051a646cc2002eda8fde693bdeeec9f850","30","Transfer"
"0xca53270fed88dd4e934b0eb657ebe0254e1a472176b5fb969d95c162497bdb4c","6190064","1534893826","2018-08-21 23:23:46","0x728fdc9fd777169c5d1845f4515ba7a8e7d6c65b","0xc0f72dcf510bae839a58f6f3db7a320e4b8ceb3c","30","Transfer"
"0x838bd6696e79e960d4207ae61090c9b93c3cdba63dd278bbd6be56955c6b5f74","6190065","1534893844","2018-08-21 23:24:04","0xe1edbbe047ace1f791489e2a1f04ac6476ebc988","0x3f5ce5fbfe3e9af3971dd833d26ba9b5c936f0be","2,487","Transfer"
"0x5166eed6ada9427a0f1710bf8b3fd675c951e9dfdf2663bb05f10d3ea4831493","6190066","1534893855","2018-08-21 23:24:15","0x908e57051a646cc2002eda8fde693bdeeec9f850","0x3f5ce5fbfe3e9af3971dd833d26ba9b5c936f0be","150","Transfer"
"0x364dcf3bbd0ea968f919b315d7e38fdb75813887072479b0050444526f1504bb","6190066","1534893855","2018-08-21 23:24:15","0x5c800fe29fc52508d93610aa11dbd740574b2db8","0x908e57051a646cc2002eda8fde693bdeeec9f850","30","Transfer"
"0x098283b88144eaa1ca4f994b15897c7fd762814f43617a38de401607f7a47dca","6190079","1534894030","2018-08-21 23:27:10","0x2f7d27b74503636314cfb4c9a5aa96c5f487c1ff","0x908e57051a646cc2002eda8fde693bdeeec9f850","30","Transfer"
"0x830513b73ae0700ac6ad4ae32909c9bb855cc35382e99e6354c250dc8ea983ae","6190095","1534894195","2018-08-21 23:29:55","0x611ada15dc3e6e1b371592025487102377e58197","0x908e57051a646cc2002eda8fde693bdeeec9f850","30","Transfer"
"0x8c7ea1678494ad095ea5f1e02c6f5f84563f026aca9a09cd6204679e63060be0","6190109","1534894419","2018-08-21 23:33:39","0x466e1711eb330c05488abebd8a2f5829a4209df0","0xc0f72dcf510bae839a58f6f3db7a320e4b8ceb3c","30","Transfer"
"0x6cad55b43fc491f420a49356c5a7b139e76073a53955a7b010a46d23a1377c09","6190116","1534894477","2018-08-21 23:34:37","0x14f5a918e7eaa24f4e69930d1ba256143de99098","0x908e57051a646cc2002eda8fde693bdeeec9f850","30","Transfer"
"0x0dbf092dd777a6aaeb4032e53cf8d87110600cfc4e05d6af5b96e7031dedf888","6190151","1534895076","2018-08-21 23:44:36","0x908e57051a646cc2002eda8fde693bdeeec9f850","0x3f5ce5fbfe3e9af3971dd833d26ba9b5c936f0be","120","Transfer"
"0x153b6029d8c3cda7c767c79e6e416959c8f18106dcc0f16d4856382691892895","6190152","1534895085","2018-08-21 23:44:45","0x7e332df6885371c165b4d98f0adb3f8d7fd1ee9a","0x908e57051a646cc2002eda8fde693bdeeec9f850","30","Transfer"
"0xc5876d40f558dd6330af32f51d8b73998cbe546d6aae836417d32857827d9d01","6190152","1534895085","2018-08-21 23:44:45","0x4e55b23924807c649b364451c7d3f6675d147785","0xc0f72dcf510bae839a58f6f3db7a320e4b8ceb3c","30","Transfer"
"0x64149091b63bb233fba03bef0c91b6dc7a64bf644248c1024662552e7368ebf2","6190167","1534895328","2018-08-21 23:48:48","0x7910298a9d541e76fcb8cd38e48b824b23bc8482","0xc0f72dcf510bae839a58f6f3db7a320e4b8ceb3c","30","Transfer"
"0xf3d8d9d853d11b46a54e328db229201907ce9be32198e423f657267cb5dde589","6190183","1534895553","2018-08-21 23:52:33","0x05933d6132917c2000bff0436294102b6f75c75b","0xc0f72dcf510bae839a58f6f3db7a320e4b8ceb3c","30","Transfer"
"0xcd95eadc572f644438393b7440f033bd049af1f48bbba40d99a793a1cf52f1b5","6190191","1534895658","2018-08-21 23:54:18","0xc0f72dcf510bae839a58f6f3db7a320e4b8ceb3c","0x3f5ce5fbfe3e9af3971dd833d26ba9b5c936f0be","180","Transfer"
"0xc0d1d6d83099e94d157b1f8dba4c380ba3aa4e083ac2b91264e5c73dcca28143","6190194","1534895691","2018-08-21 23:54:51","0x50c846974a948cc0e70d4da0761c6686f5c9a70e","0x06d3ffd1ccc89d8ea9c6af7ed04aa6abbcb38360","30","Transfer"
"0x2ac9f16faa333fa01d874e7d6b376690e8555012808e3219fa0000c3e883824b","6190198","1534895745","2018-08-21 23:55:45","0x76e4e0e08d3e888e1935a3282d8d9ba6899cec29","0xc0f72dcf510bae839a58f6f3db7a320e4b8ceb3c","30","Transfer"
"0x83ad9adf5bd9b614cbd7d5df2c8245007f08d1e1dfb63bcc297c74a03ead33ad","6190198","1534895745","2018-08-21 23:55:45","0x9ea88e19f7a85a4eeb0a2d16afe48d66894bba18","0x908e57051a646cc2002eda8fde693bdeeec9f850","30","Transfer"
"0x273ff3cbcb39c32ea4e0b8b139a4fe2b75253f44a8e4e881b11f8a7d4e3c0a40","6190211","1534895995","2018-08-21 23:59:55","0xbca899394acc8957edd685436e5c0c17d52b23bb","0x908e57051a646cc2002eda8fde693bdeeec9f850","30","Transfer"
"0x209431094dc5c7b8aaa7927e7b0a5a7e0478316af85f1da37890057a554be892","6190211","1534895995","2018-08-21 23:59:55","0xb07b14b84e1b990cef31e3ce7ebffdc77e044980","0xc0f72dcf510bae839a58f6f3db7a320e4b8ceb3c","30","Transfer"
"0xdd3e0557a8cf2380d990dca16dc91aab4677af1ac37bcdd03c630ed636bb3a4e","6190226","1534896199","2018-08-22 00:03:19","0x4d74e635a02d4333767b6c6ecb3af0f16a5932ca","0xc0f72dcf510bae839a58f6f3db7a320e4b8ceb3c","30","Transfer"
"0x8807bd4664e32737bd4c6575083d2dce60ab0035aee5a5e2cad88e4bcd23c90e","6190229","1534896214","2018-08-22 00:03:34","0x22e6fccd8e070ee669be84e6b3377d6dea372dfd","0x908e57051a646cc2002eda8fde693bdeeec9f850","30","Transfer"
"0x61a86694b5985178ac3cc39282a762a8fe342a81845ea7b25459d3df46320269","6190243","1534896385","2018-08-22 00:06:25","0x496323a7362cfb849234a5e00d9c3a167c499b1d","0x908e57051a646cc2002eda8fde693bdeeec9f850","30","Transfer"
"0xfe7eb2a879cc57843105fdfc0bcab5eecf2316cb7ced808fcab34f9c0818ae00","6190243","1534896385","2018-08-22 00:06:25","0x6be00a1e58e41ff33d07d3929504be1440c764e7","0x06d3ffd1ccc89d8ea9c6af7ed04aa6abbcb38360","30","Transfer"
"0x77e8f62437b0c73a60e8f596302280dfc1609e883b79eb46130ae7081b0631dc","6190251","1534896512","2018-08-22 00:08:32","0x3f2be7a8bb8785b9295c2deabf53eed0e674e12f","0x908e57051a646cc2002eda8fde693bdeeec9f850","30","Transfer"
"0x92d651221526d42d818b643f34b19be78f6fd315862b3e61aef97a5e8d88ca26","6190267","1534896877","2018-08-22 00:14:37","0x908e57051a646cc2002eda8fde693bdeeec9f850","0x3f5ce5fbfe3e9af3971dd833d26ba9b5c936f0be","180","Transfer"
"0x916b31f5f2424bb8fc40211e7d76a9d9fbc7cd2946bcc97d9466573c3fb1c52c","6190270","1534896925","2018-08-22 00:15:25","0xaed1b0c724755bad1943975042315c23ca512aac","0x908e57051a646cc2002eda8fde693bdeeec9f850","30","Transfer"
"0x11c26ed0961c13442ef0f306d930ea28e2f02be8ae6f0a5d658be05fe4a596bf","6190276","1534896983","2018-08-22 00:16:23","0xc510fa6373857d538314065aa9593537ba5f9ce1","0x06d3ffd1ccc89d8ea9c6af7ed04aa6abbcb38360","30","Transfer"
"0xf192c60641a34d783f47cbcd588b7d8171ec27bbb028bef9d4819c898566f2a0","6190319","1534897685","2018-08-22 00:28:05","0xc24882895a487dcb0508158298e7b09345257cc1","0x06d3ffd1ccc89d8ea9c6af7ed04aa6abbcb38360","30","Transfer"
"0x4172ded03aec36ac52c081dcbda098206335d4e83410817fb23bb062c8e8c71c","6190436","1534899552","2018-08-22 00:59:12","0x3310b055015a94a2f2e37014b944d8ca6bd2b845","0x350e97786836c1c28a2d9ee80c223049dbbf9c03","200","Fill"
"0x5e54893f6924b5281bfd51de513b26230d86cbc59c7dee92fbc5f577d8c60f82","6190448","1534899778","2018-08-22 01:02:58","0x350e97786836c1c28a2d9ee80c223049dbbf9c03","0x216899c078b5cbd6e637defcf745a25457c8c9ee","200","Transfer"
"0x4cc4b0f4f8e30c18c64486c74a6c44fc660c5cb399e6586c05f1df44c8787a29","6190583","1534901634","2018-08-22 01:33:54","0x3f5ce5fbfe3e9af3971dd833d26ba9b5c936f0be","0xf09aa110e21ee4ba560aa5de33a5ed432fdb54be","111.284","Transfer"
"0xc87956017d813fb5f3af46fc5edd766f4fb392d970501eeb46a517db521c29d1","6190649","1534902552","2018-08-22 01:49:12","0xef8e534a1f734911ade64a0c0f29295d47ca51cf","0x36d3fedfb870cc839ff6d61def669d9ad8bc92c5","30","Transfer"
"0x0780049d6135ccf472c233beaf7ec80386ffc1432db61a15a17ce167ec8dd4ab","6190691","1534903116","2018-08-22 01:58:36","0xd867bbae0154d55b9fbfad45d007ee79cda5804e","0x7de46ae81b2b961e444a7e45a4026accb098b0a2","259.350248496608286355","Transfer"
"0x7dbe9aac2e8fce1ee4dbe92f310ece5e06cdbe33d8b1d45747ce8858f06c5e0c","6190703","1534903252","2018-08-22 02:00:52","0x0681d8db095565fe8a346fa0277bffde9c0edbbf","0xa33cb68f3bbe01feb048f78da3cce3af0e48b317","1,251.143","Transfer"
"0xfdf0ff37492086a85c28185444906652f051bb396c8afed653f3e92da5254287","6190766","1534904162","2018-08-22 02:16:02","0xd867bbae0154d55b9fbfad45d007ee79cda5804e","0x99ea72e02b56bf6d62cba577cc5355677b4c5d08","357.19748216","Transfer"
"0x141d94a785dd97c8969601c743c55e0b467e82dad3610185e673153fca497d15","6190774","1534904225","2018-08-22 02:17:05","0x2420209011c807ebeb1130af23090d4c6af4a125","0xaafa0bccc2c3aec236ea63d68981b6c0e8a47787","28.472887013242290955","Transfer"
"0xca28bb7e3f5821bb5c20ead4b759b9739fc833809229cde3d9d524fa34023a14","6191012","1534907478","2018-08-22 03:11:18","0xf00b4702e5b4acf05db8ae908cf1285f51a55227","0x692ad262363005cfaa822063a5bebd9db6fae3ee","30","Transfer"
"0x8bb5c3a16f32d4837c3e04860300149a766f82b3d87210fbf4da5add19e0c8f1","6191024","1534907682","2018-08-22 03:14:42","0x3cd370bf25660e7e4c6e40c96435624766d15a1b","0x692ad262363005cfaa822063a5bebd9db6fae3ee","30","Transfer"
"0x8ed59d524de04fa9c6f532ae759675ccbe08cd648269ef4d6891b2c8a652ccf5","6191099","1534908752","2018-08-22 03:32:32","0x6b2d90770550974502996b3cff064a68fa967232","0xdba18f02fe0060e094ca94167b8fcf5ac35a196d","30","Transfer"
"0x1c767f3a681406ece2d60351dac65f7bdd8f17f18288a7b6fd05f150adbcccf2","6191205","1534910280","2018-08-22 03:58:00","0xd867bbae0154d55b9fbfad45d007ee79cda5804e","0x76363bfdac52126cec6e8a6b68fa14ac8dbda123","22.61744","Transfer"
"0xb0ed03d3c169cff952852d6a036e6224c79b961e620573167e66f7073e01724b","6191224","1534910671","2018-08-22 04:04:31","0x7764aef137f4b2f72ada1a869eb7f92844574b43","0xd06c3f75e5af6dc5746c9537a53b7b00a22153e7","5,150.000000000000000721","Transfer"
"0x92748bab45847a4403621420ff533a454c965260d1d225672adb711bf89b9a31","6191233","1534910801","2018-08-22 04:06:41","0xd06c3f75e5af6dc5746c9537a53b7b00a22153e7","0xd867bbae0154d55b9fbfad45d007ee79cda5804e","5,150.000000000000000721","Transfer From"
"0x16214f7ad1ce997985c751fad8d93b658312e593bd4aff6fac0cf5988c1c6233","6191261","1534911174","2018-08-22 04:12:54","0xdc3ac9f42b147eeb4e510b17b5731954ff57c7c4","0xd36ad74615e9455450a6bb37a2767a5c693b4473","30","Transfer"
"0x121ea2110dcbb1fc3680095e19b6b177118b9fcd0c1feb22e74abfb5b91ef733","6191281","1534911519","2018-08-22 04:18:39","0x8aa98616483106bd1390ffa38ef59f78d4a95874","0xd36ad74615e9455450a6bb37a2767a5c693b4473","30","Transfer"
"0x6e893ec5d90a9c03b40547c5ff8118babf320004237c607a4008295a50e985a6","6191370","1534912679","2018-08-22 04:37:59","0xd867bbae0154d55b9fbfad45d007ee79cda5804e","0x6a72d76be43263da9540411cecf2061766b49815","85.783320069092687746","Transfer"
"0x9c83f644a8cc75f6d82e8bef6b453084219d240703148219bdc5201a8c7f543e","6191639","1534916672","2018-08-22 05:44:32","0x929ffda7b4adf6676372c59faa3da8002d447218","0x392822b8086427967d094655bcbc2b0656246d21","30","Transfer"
"0x842a0bf095b2ece7bde070ef4e241eabb97779568a7235aae37712421d9918ab","6191772","1534918766","2018-08-22 06:19:26","0xca467debf84fef20db06ecac3e8ba54edac793d0","0xd36ad74615e9455450a6bb37a2767a5c693b4473","30","Transfer"
"0xc52fa3a40e1ef6587185773b8ca302740b1d88021cb16db23000106ddcbe7338","6191776","1534918827","2018-08-22 06:20:27","0x5caebd1bb9c8d9784c0292f87705d302817e284d","0xd36ad74615e9455450a6bb37a2767a5c693b4473","30","Transfer"
"0x3fd80e7e7429970284d87e18b9698aba91019bae893dffa0183e2e6e26a48744","6191781","1534918889","2018-08-22 06:21:29","0x3241ae5be781ad651ab6960ef0698da69ff71500","0xd36ad74615e9455450a6bb37a2767a5c693b4473","30","Transfer"
"0xce5d289022eeee7099699228a3a5ee1a67e9995d1a379df0bd48eba4dff14f13","6191781","1534918889","2018-08-22 06:21:29","0x5f5010d66089113c3c5c0876c0d2ef53d3ee8011","0xd36ad74615e9455450a6bb37a2767a5c693b4473","30","Transfer"
"0x3620195f92052dd16a3f9abc7c3a185947b4b8cfc87c32e53206221222710078","6191799","1534919102","2018-08-22 06:25:02","0x0e30eaf4948a9cdf8e2975117785e6d010c1ce7f","0xd36ad74615e9455450a6bb37a2767a5c693b4473","30","Transfer"
"0x47e25dbf5327fd52ea38fa5cb24c00dc633acd8c814456dfc04c83151b2175c8","6191801","1534919129","2018-08-22 06:25:29","0xceb3414ece727d4504c6e3722f6c754dfb455635","0xd36ad74615e9455450a6bb37a2767a5c693b4473","30","Transfer"
"0x3e805e887c4302ba20096deba7d47f4bcc4b7954b55727ad04732aef87572f09","6191801","1534919129","2018-08-22 06:25:29","0x77b06b252cbff3f72ee1c9f7389abd7a8cfbe1e0","0xd36ad74615e9455450a6bb37a2767a5c693b4473","30","Transfer"
"0x3118a0aa9ebbfa9f28679df95f40f0237935e69c8dd17ee11fffb4e0c95288b1","6191815","1534919348","2018-08-22 06:29:08","0xab755803975be7a1b9ac79d8f5736ecd57ae531b","0xd36ad74615e9455450a6bb37a2767a5c693b4473","30","Transfer"
"0x864f6120a52964e33e29ea7eea65c71ee89602c0965aed7fb6b24977c75d4d18","6191816","1534919358","2018-08-22 06:29:18","0x4bef1570245dbba5fdcc0df9ac3a477811fb6775","0xd36ad74615e9455450a6bb37a2767a5c693b4473","30","Transfer"
"0xd0b061b95a664b9c7fb636e97da52c2edeaea5733d0ca7c05efa2002f48ed09e","6191824","1534919457","2018-08-22 06:30:57","0x7d50677fab87863a8dc10c694d7174efd0d5d780","0xd36ad74615e9455450a6bb37a2767a5c693b4473","30","Transfer"
"0x6f9316af9a1644ffb107d783e8d66bf79e486b9b52d7da4a7fdd28c8a1d611da","6191826","1534919472","2018-08-22 06:31:12","0x3c6c401e3325bdcf297e38a35032fdb1736560fd","0xd36ad74615e9455450a6bb37a2767a5c693b4473","30","Transfer"
"0x22e3485baac8877ba4197ecea1670710c84aa9523f923d2ac1501f58a0779b90","6191827","1534919475","2018-08-22 06:31:15","0x432d6ac4bff3944d695e0b10eacbfe691b05a67d","0xd36ad74615e9455450a6bb37a2767a5c693b4473","30","Transfer"
"0x892c6b0526b0304c3a0ed0368b2fffdf38aee0ebbdc466eeb922651e4c2196ea","6191871","1534920174","2018-08-22 06:42:54","0xf7c77fcbe6db60500c623468abdf1a077c9151aa","0xd36ad74615e9455450a6bb37a2767a5c693b4473","30","Transfer"
"0x6cf3cbcbf7d2298812186d459c2627b6c3863171aa25f569e377ef0fea090c39","6192018","1534922239","2018-08-22 07:17:19","0x927db4f7fd92335cb9fab8f64813d26f066062b8","0xd36ad74615e9455450a6bb37a2767a5c693b4473","30","Transfer"
"0x17b9088ca1c47df6e00389671424d9e2127298cec49e61936d753189d1cbdc8d","6192021","1534922294","2018-08-22 07:18:14","0x727e4cd9dd4293e0c438e64d76546c5459e739ea","0xd36ad74615e9455450a6bb37a2767a5c693b4473","30","Transfer"
"0xdc91b691b35a49b33a5a39010b69aaf12062dc938da03fa4243272443718083d","6192021","1534922294","2018-08-22 07:18:14","0x02c53aa1fe62feee9d5560655f5b3c996641c282","0xd36ad74615e9455450a6bb37a2767a5c693b4473","30","Transfer"
"0x448a8b2f3b5779a273cd22ed8966ae88bc2a605a7e8004b9bf3c5d4e1da02272","6192036","1534922502","2018-08-22 07:21:42","0x07715f89037b891d8f7d239143f43e93a8b49781","0x43b69a8bbe7a19dfbf22cfcb6be551ebd7958f82","14,285","Send Multi Sig Token"
"0xab78b2f92bcea44721a36f565f47773af6bb7ebd70e10f9e9e1c6f467c29ea65","6192037","1534922515","2018-08-22 07:21:55","0x07715f89037b891d8f7d239143f43e93a8b49781","0x43b69a8bbe7a19dfbf22cfcb6be551ebd7958f82","24,490","Send Multi Sig Token"
"0x1638c302da42b608a26fd88f0e0bc9b82379b9ab4112947833c08ef1c23b6170","6192040","1534922556","2018-08-22 07:22:36","0xd867bbae0154d55b9fbfad45d007ee79cda5804e","0x7b5765b11110c7960a4912d7e76572f0f55695d2","240.0947","Transfer"
"0x7d25a403888e35e4823a602c4c82d16b4868b5fe761885a89b199cfbe40b5cc5","6192046","1534922620","2018-08-22 07:23:40","0xdccfb60be3de173b425a475017c311a88017d928","0xd36ad74615e9455450a6bb37a2767a5c693b4473","30","Transfer"
"0xce01b3cf36a1e951c1b478f1d6cda97dab235499707a0096f17a2f0e6306c667","6192050","1534922678","2018-08-22 07:24:38","0xeca9a62395d4cb13858abcb0b87bee0eadf815ae","0xd36ad74615e9455450a6bb37a2767a5c693b4473","30","Transfer"
"0x8ee2e0df01cb9121342c060c39197e329f60838a13e0b259f4dabc3740a09fd2","6192085","1534923137","2018-08-22 07:32:17","0x926dc82b8db472b3e2b4d6b02f7af3e951683830","0xd36ad74615e9455450a6bb37a2767a5c693b4473","30","Transfer"
"0xe79daf3f64f0c4bc2e379061bf6edb55ad914d2351831c95763dfe986c8bd679","6192101","1534923328","2018-08-22 07:35:28","0xecbd6eec68da1e5105de41c55b9fa32c38b45e26","0xd36ad74615e9455450a6bb37a2767a5c693b4473","30","Transfer"
"0xc7e3f2a1126d351e8b3ab34f476db8fd7d7507287f24433034ced3f95aea4110","6192130","1534923770","2018-08-22 07:42:50","0xbfb8418e82f59d54948e872140b2cb8ab0807e7d","0xd36ad74615e9455450a6bb37a2767a5c693b4473","30","Transfer"
"0xb9dba75d80e4cfad5a8412043b0a85e12900b06ffc62d54b9f2be9eaae7ba03a","6192142","1534924017","2018-08-22 07:46:57","0xa88a8dec6067ee910753a7a98051b0c0d24200ac","0x193ec1cd6e82c8e68f422d453bb7e53cb34b73c0","30","Transfer"
"0x5b51e0fd9ff00c0950877a8a21b962d5f5b5b0eba01f1bd69968c7866b092f5b","6192277","1534925887","2018-08-22 08:18:07","0x9e0458c60e656971c1d6e5ca897526563e62646a","0x193ec1cd6e82c8e68f422d453bb7e53cb34b73c0","30","Transfer"
"0xd67975a5b4c999520d131fb1847b3dcb43c2ea63583081bb9a08bd59023f0619","6192290","1534926013","2018-08-22 08:20:13","0x4b8addd300f51050b9f93fc8a883b47abbfb6152","0x193ec1cd6e82c8e68f422d453bb7e53cb34b73c0","30","Transfer"
"0x98c14e1e6411710e0b6ca15419a93c585d69495c022d0581ad9a43fc8bfd3a4a","6192313","1534926385","2018-08-22 08:26:25","0xe390f81b9b38f645cfd96ac1ed2c8a19c00bca5a","0x75830c8a02e48c1b7ded31d8f2d98a488b8893ab","30","Transfer"
"0xb9e02c969e7a12905f9ddf7cf77069d7d4897042a09febb33c4ce4282c871931","6192361","1534927061","2018-08-22 08:37:41","0x48c1e14839a196363267a8fe2a218e11989cf32d","0x193ec1cd6e82c8e68f422d453bb7e53cb34b73c0","30","Transfer"
"0xd9e274c77f83d6393ec98f1e5d8d2e12b2972997ab5f5c8ace72235505720728","6192378","1534927278","2018-08-22 08:41:18","0x0a43d33cc4f4ba27426bec2683a16f42c3705f4c","0x4b50abcb8a15b9fc55f2f590abebc8fd9e15430b","30","Transfer"
"0x299048e7c1015fe68dcbed19c152b48844acc9b528c22dbf52b02ffb0a9d119e","6192388","1534927414","2018-08-22 08:43:34","0x4fb33e1d50eb4e1c0301a8000e8903e1f73a0a25","0x193ec1cd6e82c8e68f422d453bb7e53cb34b73c0","30","Transfer"
"0xf6c3dcdd0d3202ca6f3ebabab20be5e7aefa9081c2592b971754508f0922748e","6192412","1534927752","2018-08-22 08:49:12","0xd867bbae0154d55b9fbfad45d007ee79cda5804e","0xf749c13564ce46365db90df045a2245bd556db36","334.56446","Transfer"
"0xe4f760a7e2d8f5cd25f8ecf4377674c7c8075d017498034d80f012ce3b0766f4","6192423","1534927963","2018-08-22 08:52:43","0x747407371947ba17cfd1c68c9708486af8f0c220","0x75830c8a02e48c1b7ded31d8f2d98a488b8893ab","30","Transfer"
"0x5f1716ca0f4ba37738f3ecbd64943afb6e857672023138a40ac9378279a72e13","6192476","1534928847","2018-08-22 09:07:27","0xef71130f959f4b43baad05fedfe56cb39cd5fb5e","0x689c56aef474df92d44a1b70850f808488f9769c","30","Transfer"
"0x741b20d8a93a056655706069583e7afa5a6a0e82444631f1267d241ec56bc3f3","6192482","1534929005","2018-08-22 09:10:05","0xd867bbae0154d55b9fbfad45d007ee79cda5804e","0x87145f80d7a972461b0afa2e7972547f72a57a0f","886.62212","Transfer"
"0xa639b10b7f4c462c0e3804cc78e896935e9995232a52974d72e0c894eadef146","6192496","1534929211","2018-08-22 09:13:31","0x4db4d5dd53837df5e357bfc51964c56ce4679bd7","0x8f10c3db84ec17a2be3d48713e8125346fb9540f","0.3","Transfer"
"0xb67aedf09d2aee150b89672ae6484853bbf7d36ed1e03820cb489adc1d2b4ddb","6192522","1534929541","2018-08-22 09:19:01","0x4db4d5dd53837df5e357bfc51964c56ce4679bd7","0x8f10c3db84ec17a2be3d48713e8125346fb9540f","29.7","Transfer"
"0xdcadce4d1cff4657f2aeab587a38a2c80240dc20abec0bf414fad3511f9cc2f2","6192533","1534929746","2018-08-22 09:22:26","0x6899da8af8545b0fd87951a043679cc7cb00e5bb","0x75830c8a02e48c1b7ded31d8f2d98a488b8893ab","30","Transfer"
"0xa23844b4394ce7a9c2bde557a6bc10c14e5e611edc97504343facc97b0b77473","6192539","1534929803","2018-08-22 09:23:23","0x360d8091223d214ad7928c13433e89f4ae924937","0x8f10c3db84ec17a2be3d48713e8125346fb9540f","30","Transfer"
"0x56fd6fc9c0e2402fe8187c2ee1d8028b13f4840545fa4452cfac4483ede5b14a","6192543","1534929893","2018-08-22 09:24:53","0x8f10c3db84ec17a2be3d48713e8125346fb9540f","0x3f5ce5fbfe3e9af3971dd833d26ba9b5c936f0be","150","Transfer"
"0x98ed8cb1795cdc37f797c584f1a474f7bef13b57cf20e9ae22e501b4ff8cc67c","6192558","1534930105","2018-08-22 09:28:25","0xceff22de015a73fbfe896acadbfa1050a145ce88","0x8f10c3db84ec17a2be3d48713e8125346fb9540f","30","Transfer"
"0x8159b99ce09ec63f0f4ed1b341901b36a78cf5752a07cb0cb10e27c602b0047b","6192568","1534930326","2018-08-22 09:32:06","0x415ec84d3c3bef1597798903958f8d5e91107a9d","0x8f10c3db84ec17a2be3d48713e8125346fb9540f","30","Transfer"
"0x15033642d6fb0ac7c07d634b9e531e9d7e8d232b21a75d19d9064e1dbb8ed068","6192582","1534930508","2018-08-22 09:35:08","0x0b799746ecf0df3090e9d7bd136f70034dab2d8b","0x8f10c3db84ec17a2be3d48713e8125346fb9540f","30","Transfer"
"0x58a322c7feadbf3ec428c52af0beaefd8ce9ce0b0d32bdd9795333d18c4270d0","6192590","1534930609","2018-08-22 09:36:49","0x7ad13962a4f56dc5d5242ca8d1e3da914f4515d3","0x75830c8a02e48c1b7ded31d8f2d98a488b8893ab","30","Transfer"
"0x49135bfc3032ec1210c6a9e1a229fe676ea95ce2cc0e9b79ac2f704fc92ac376","6192603","1534930841","2018-08-22 09:40:41","0x9e43fc0a4bbd9574fb821ca7e151a69ef884b480","0x8f10c3db84ec17a2be3d48713e8125346fb9540f","30","Transfer"
"0x2952c913b879989eb9b8f5a7c439e7214f3d3df794f6f0c37397112697cc59db","6192621","1534931202","2018-08-22 09:46:42","0x77a176e9c7f6ec63f07230e873d7d3139e245d4e","0x8f10c3db84ec17a2be3d48713e8125346fb9540f","30","Transfer"
"0xaef628cf557798a367d5c6c821db50990cf936e51ba10091a77745bc56a88e8c","6192623","1534931224","2018-08-22 09:47:04","0x5b0fa960bfbf3e83220451921b24af4ecc377826","0xd36ad74615e9455450a6bb37a2767a5c693b4473","30","Transfer"
"0x1e3d207cc57470f9f4461f24381b360f4975ccfa702db1cfc494cabcfa4c5220","6192632","1534931300","2018-08-22 09:48:20","0x530e83256c8d32dddc90274e7ae13cccde2d0d5f","0x75830c8a02e48c1b7ded31d8f2d98a488b8893ab","30","Transfer"
"0x3317887b9c4bcf6c42ee3edd732d09eb086bd8bfeff92a8c5f240de96f37118e","6192640","1534931426","2018-08-22 09:50:26","0x4c9c4f88ef1c3d3ea75920bbda8d34c9c4e8e666","0xc0f72dcf510bae839a58f6f3db7a320e4b8ceb3c","30","Transfer"
"0x924c209a5d645dda9d1173a1f2f66d513f7304802025efb29f1802c12d0c4038","6192646","1534931528","2018-08-22 09:52:08","0x52630b9eb4f856eddbd049d9430725b988ea54c2","0x689c56aef474df92d44a1b70850f808488f9769c","30","Transfer"
"0xce62c572c4625eb7764f1845c5e73bcb0674ec4ee3d73c322fafcaabf85bf84a","6192658","1534931653","2018-08-22 09:54:13","0x8f10c3db84ec17a2be3d48713e8125346fb9540f","0x3f5ce5fbfe3e9af3971dd833d26ba9b5c936f0be","150","Transfer"
"0xe35376b0b00e2b95c05639a03de3954e3613ed4f5d320f4dbcf78745ad38cc66","6192660","1534931690","2018-08-22 09:54:50","0x13fdaa333198adb858ef0c30b967176b4d3f1566","0xd02e215a7d3d9ee2251bf84d4eda7d9994be625d","30","Transfer"
"0xf637b9a374d9f5b1a51d6df3407a37c3fecfaaff5e392e8f81578e7f342805db","6192665","1534931749","2018-08-22 09:55:49","0x9d8ca15f6b8d8dd440ad32b04a949179bf791b4a","0x8f10c3db84ec17a2be3d48713e8125346fb9540f","30","Transfer"
"0xde9f0f74666bf068f2fcc7c58fac9fbb3a155e2cccda06f32f8dbc7feaebc729","6192687","1534931958","2018-08-22 09:59:18","0x01cf78255911e2218ab032f53c58c95c8b845317","0x75830c8a02e48c1b7ded31d8f2d98a488b8893ab","30","Transfer"
