date,pump_index,std_rush_order,avg_rush_order,std_trades,std_volume,avg_volume,std_price,avg_price,avg_price_max,hour_sin,hour_cos,minute_sin,minute_cos,symbol,gt
2021-01-11 14:15:50,0,-0.248,0.099,-0.146,-0.029,0.048,0.719,0.002,0.003,-0.631,-0.776,1.000,-0.027,BTC,0
2021-01-11 14:16:15,0,-0.117,0.041,-0.014,-0.016,0.031,0.344,0.003,0.003,-0.631,-0.776,0.991,-0.133,BTC,0
2021-01-11 14:16:40,0,0.151,-0.020,0.051,0.029,-0.021,0.042,0.002,0.002,-0.631,-0.776,0.991,-0.133,BTC,0
2021-05-19 11:34:10,3,-0.128,0.028,-0.073,-0.060,0.034,-0.104,-0.001,-0.000,0.136,-0.991,-0.461,-0.887,BTC,0
2021-05-19 11:34:35,3,-0.082,-0.028,-0.088,0.004,0.007,0.076,0.001,0.001,0.136,-0.991,-0.461,-0.887,BTC,0
2021-05-19 11:35:00,3,-0.092,0.025,-0.126,-0.062,0.014,0.134,0.001,0.001,0.136,-0.991,-0.553,-0.833,BTC,0
2021-05-19 12:54:10,4,0.021,-0.004,0.014,-0.057,0.016,0.270,-0.006,-0.006,-0.136,-0.991,-0.508,0.862,BTC,0
2021-05-19 12:54:35,4,-0.088,-0.050,-0.069,-0.161,-0.054,0.172,-0.006,-0.004,-0.136,-0.991,-0.508,0.862,BTC,0
2021-05-19 12:55:00,4,0.140,0.014,-0.174,-0.097,-0.008,0.042,-0.008,-0.008,-0.136,-0.991,-0.413,0.911,BTC,0
2021-05-19 12:57:55,5,-0.215,0.059,-0.255,-0.133,0.065,0.196,0.004,0.005,-0.136,-0.991,-0.211,0.977,BTC,0
2021-05-19 12:58:20,5,-0.081,0.018,-0.045,0.010,-0.003,0.041,0.004,0.005,-0.136,-0.991,-0.106,0.994,BTC,0
2021-05-19 12:58:45,5,0.534,-0.056,0.549,0.111,-0.033,0.087,0.007,0.007,-0.136,-0.991,-0.106,0.994,BTC,0
2021-05-19 13:09:10,6,0.005,0.011,-0.000,0.112,0.046,0.211,-0.007,-0.007,-0.398,-0.917,0.818,0.575,BTC,0
2021-05-19 13:09:35,6,-0.051,0.044,-0.080,-0.061,0.018,0.183,-0.007,-0.007,-0.398,-0.917,0.818,0.575,BTC,0
2021-05-19 13:22:05,9,-0.036,0.042,-0.007,-0.077,0.029,0.049,-0.001,-0.000,-0.398,-0.917,0.716,-0.698,BTC,0
2021-05-19 13:22:30,9,-0.009,0.004,0.005,0.070,-0.031,0.020,-0.001,-0.001,-0.398,-0.917,0.716,-0.698,BTC,0
2021-05-19 13:22:55,9,0.038,-0.006,-0.111,-0.641,-0.109,0.031,-0.002,-0.004,-0.398,-0.917,0.716,-0.698,BTC,0
2021-05-21 21:22:55,11,-0.058,0.052,-0.098,-0.001,0.078,0.123,0.006,0.006,-0.520,0.854,0.716,-0.698,BTC,0
2021-05-21 21:23:20,11,0.041,-0.009,0.062,-0.026,0.011,-0.013,0.005,0.004,-0.520,0.854,0.638,-0.770,BTC,0
2021-05-21 21:23:45,11,-0.013,0.002,0.016,0.056,-0.014,-0.109,0.005,0.005,-0.520,0.854,0.638,-0.770,BTC,0
2021-12-04 05:27:05,16,0.012,0.009,0.214,0.086,-0.023,0.175,-0.007,-0.006,0.979,0.203,0.263,-0.965,BTC,0
2021-12-04 05:27:30,16,0.041,0.015,0.122,0.003,0.011,0.228,-0.010,-0.008,0.979,0.203,0.263,-0.965,BTC,0
2021-12-04 05:27:55,16,1.027,0.057,0.374,0.840,0.104,0.007,-0.009,-0.005,0.979,0.203,0.263,-0.965,BTC,0
2021-12-04 05:27:55,17,-0.077,0.119,-0.206,0.391,0.171,0.004,-0.009,-0.005,0.979,0.203,0.263,-0.965,BTC,0
2021-12-04 05:28:20,17,-0.028,0.005,-0.093,-0.032,-0.015,-0.101,-0.006,-0.004,0.979,0.203,0.159,-0.987,BTC,0
2021-12-04 05:28:45,17,-0.026,0.004,-0.027,0.055,-0.020,-0.114,-0.005,-0.003,0.979,0.203,0.159,-0.987,BTC,0
2021-12-04 05:29:10,18,0.051,-0.020,0.055,0.017,-0.035,-0.179,-0.004,-0.004,0.979,0.203,0.053,-0.999,BTC,0
2021-12-04 05:29:35,18,0.067,-0.020,0.188,0.063,-0.033,-0.202,-0.003,-0.003,0.979,0.203,0.053,-0.999,BTC,0
2021-12-04 05:30:00,18,-0.006,-0.004,0.008,-0.008,0.006,-0.009,-0.000,-0.001,0.979,0.203,-0.053,-0.999,BTC,0
2020-09-05 18:55:50,26,-0.088,0.034,-0.119,-0.132,0.045,0.084,0.001,0.001,-0.979,0.203,-0.413,0.911,ETH,0
2020-09-05 18:56:15,26,0.024,-0.052,0.041,0.032,-0.028,0.026,0.000,0.001,-0.979,0.203,-0.314,0.949,ETH,0
2020-09-05 18:56:40,26,0.057,-0.037,0.065,0.068,-0.018,0.107,0.001,0.001,-0.979,0.203,-0.314,0.949,ETH,0
2020-11-26 03:34:10,27,-0.117,0.047,-0.113,-0.124,0.035,-0.154,-0.004,-0.003,0.731,0.683,-0.461,-0.887,ETH,0
2020-11-26 03:34:35,27,-0.161,0.062,-0.173,-0.191,0.042,-0.214,-0.003,-0.003,0.731,0.683,-0.461,-0.887,ETH,0
2020-11-26 03:35:00,27,-0.135,0.040,-0.077,-0.028,0.030,-0.135,-0.001,-0.001,0.731,0.683,-0.553,-0.833,ETH,0
2021-01-11 03:37:55,29,0.253,0.166,0.070,0.125,0.165,0.378,-0.006,-0.006,0.731,0.683,-0.716,-0.698,ETH,0
2021-01-11 03:38:20,29,0.239,0.140,0.143,0.031,0.048,0.083,-0.006,-0.006,0.731,0.683,-0.787,-0.618,ETH,0
2021-01-11 03:38:45,29,-0.048,0.048,-0.033,-0.008,0.005,-0.067,-0.006,-0.007,0.731,0.683,-0.787,-0.618,ETH,0
2021-01-11 14:15:50,30,-0.284,0.081,-0.156,-0.142,0.100,0.218,0.001,0.002,-0.631,-0.776,1.000,-0.027,ETH,0
2021-01-11 14:16:15,30,-0.009,0.011,-0.030,-0.062,0.051,0.199,0.002,0.002,-0.631,-0.776,0.991,-0.133,ETH,0
2021-01-11 14:16:40,30,0.008,0.017,-0.023,-0.030,0.056,0.039,0.002,0.002,-0.631,-0.776,0.991,-0.133,ETH,0
2021-02-23 09:12:05,32,0.236,0.139,0.143,0.478,0.194,-0.006,-0.005,-0.004,0.631,-0.776,0.957,0.289,ETH,0
2021-02-23 09:12:30,32,-0.007,0.009,-0.021,-0.014,0.034,-0.087,-0.003,-0.003,0.631,-0.776,0.957,0.289,ETH,0
2021-02-23 09:12:55,32,0.015,-0.011,0.000,-0.012,0.014,-0.103,-0.002,-0.002,0.631,-0.776,0.957,0.289,ETH,0
2021-05-19 11:32:05,35,0.013,-0.007,-0.025,-0.015,0.014,0.222,-0.006,-0.005,0.136,-0.991,-0.263,-0.965,ETH,0
2021-05-19 11:32:30,35,-0.298,-0.060,-0.248,-0.051,-0.007,0.169,-0.008,-0.007,0.136,-0.991,-0.263,-0.965,ETH,0
2021-05-19 11:32:55,35,0.173,0.020,0.259,-0.043,-0.012,-0.054,-0.006,-0.006,0.136,-0.991,-0.263,-0.965,ETH,0
2021-05-19 11:34:10,36,0.016,-0.026,0.030,-0.031,0.005,-0.104,-0.002,-0.002,0.136,-0.991,-0.461,-0.887,ETH,0
2021-05-19 11:34:35,36,-0.001,-0.025,0.009,-0.018,-0.018,0.060,0.001,0.001,0.136,-0.991,-0.461,-0.887,ETH,0
2021-05-19 11:35:00,36,0.014,-0.004,-0.033,-0.019,0.016,0.113,0.002,0.003,0.136,-0.991,-0.553,-0.833,ETH,0
2021-05-19 12:54:10,40,0.004,-0.002,-0.021,-0.044,0.019,0.089,-0.012,-0.012,-0.136,-0.991,-0.508,0.862,ETH,0
2021-05-19 12:54:35,40,-0.013,-0.023,-0.005,-0.057,-0.034,0.114,-0.010,-0.010,-0.136,-0.991,-0.508,0.862,ETH,0
2021-05-19 12:55:00,40,-0.307,-0.053,-0.363,-0.292,-0.075,-0.016,-0.011,-0.013,-0.136,-0.991,-0.413,0.911,ETH,0
2021-05-19 12:55:50,41,-0.482,0.093,-0.477,-0.397,0.096,-0.074,-0.004,-0.001,-0.136,-0.991,-0.413,0.911,ETH,0
2021-05-19 12:56:15,41,0.019,-0.007,0.010,-0.026,-0.005,-0.086,-0.002,0.001,-0.136,-0.991,-0.314,0.949,ETH,0
2021-05-19 12:56:40,41,-0.109,0.011,-0.142,-0.215,0.018,-0.061,-0.001,-0.002,-0.136,-0.991,-0.314,0.949,ETH,0
2021-05-19 12:57:55,42,-0.144,0.016,-0.109,-0.105,0.017,0.062,0.010,0.008,-0.136,-0.991,-0.211,0.977,ETH,0
2021-05-19 12:58:20,42,0.003,-0.021,-0.003,0.055,-0.043,0.009,0.010,0.009,-0.136,-0.991,-0.106,0.994,ETH,0
2021-05-19 12:58:45,42,0.004,-0.028,-0.014,-0.011,-0.026,-0.038,0.013,0.012,-0.136,-0.991,-0.106,0.994,ETH,0
2021-05-19 12:59:10,43,-0.098,-0.026,0.025,0.486,0.091,-0.029,0.014,0.014,-0.136,-0.991,-0.000,1.000,ETH,0
2021-05-19 12:59:35,43,-0.005,-0.022,0.046,-0.053,-0.041,-0.116,0.015,0.013,-0.136,-0.991,-0.000,1.000,ETH,0
2021-05-19 13:00:00,43,-0.296,-0.024,-0.167,-0.008,-0.041,-0.073,0.010,0.009,-0.398,-0.917,0.000,1.000,ETH,0
2021-05-19 13:00:50,44,-0.648,0.079,-0.475,-0.101,0.036,-0.133,0.004,0.004,-0.398,-0.917,0.000,1.000,ETH,0
2021-05-19 13:01:15,44,-0.004,0.003,0.001,0.027,-0.049,-0.143,0.004,0.002,-0.398,-0.917,0.106,0.994,ETH,0
2021-05-19 13:01:40,44,0.205,-0.010,0.106,0.015,-0.011,-0.083,0.001,0.001,-0.398,-0.917,0.106,0.994,ETH,0
2021-05-19 13:05:50,45,-0.332,0.079,-0.507,-0.249,0.107,0.100,-0.004,-0.003,-0.398,-0.917,0.508,0.862,ETH,0
2021-05-19 13:06:15,45,0.026,-0.032,-0.010,-0.003,0.002,-0.057,-0.003,-0.002,-0.398,-0.917,0.596,0.803,ETH,0
2021-05-19 13:06:40,45,-0.010,-0.012,0.032,0.027,0.028,-0.157,-0.003,-0.002,-0.398,-0.917,0.596,0.803,ETH,0
2021-05-19 13:09:10,46,0.138,0.087,0.045,0.035,0.103,0.171,-0.010,-0.010,-0.398,-0.917,0.818,0.575,ETH,0
2021-05-19 13:09:35,46,0.028,0.068,-0.063,-0.069,0.020,0.158,-0.011,-0.009,-0.398,-0.917,0.818,0.575,ETH,0
2021-05-19 13:10:00,46,0.072,0.066,0.077,0.016,0.032,0.158,-0.011,-0.010,-0.398,-0.917,0.875,0.485,ETH,0
2021-05-19 13:10:00,47,-0.029,0.094,-0.097,-0.026,0.051,0.156,-0.012,-0.010,-0.398,-0.917,0.875,0.485,ETH,0
2021-05-19 13:10:25,47,-0.098,0.061,-0.067,-0.087,0.049,0.030,-0.012,-0.009,-0.398,-0.917,0.875,0.485,ETH,0
2021-05-19 13:10:50,47,-0.077,0.053,0.052,0.037,0.033,-0.100,-0.008,-0.005,-0.398,-0.917,0.875,0.485,ETH,0
2021-05-19 13:12:05,48,-0.714,0.045,-0.398,-0.129,0.018,0.033,0.001,0.001,-0.398,-0.917,0.957,0.289,ETH,0
2021-05-19 13:12:30,48,-0.003,0.002,-0.082,0.019,-0.039,0.048,0.002,-0.003,-0.398,-0.917,0.957,0.289,ETH,0
2021-05-19 13:12:55,48,-0.181,0.007,-0.232,0.050,-0.027,0.025,0.003,0.004,-0.398,-0.917,0.957,0.289,ETH,0
2021-05-19 13:12:55,49,-0.809,0.065,-0.729,-0.209,0.041,0.024,0.004,0.005,-0.398,-0.917,0.957,0.289,ETH,0
2021-05-19 13:13:20,49,0.374,-0.014,0.093,-0.138,-0.030,-0.004,0.004,0.004,-0.398,-0.917,0.983,0.185,ETH,0
2021-05-19 13:13:45,49,2.255,0.053,0.631,0.045,-0.008,-0.040,0.007,0.005,-0.398,-0.917,0.983,0.185,ETH,0
2021-05-19 13:19:10,50,0.963,0.025,0.231,0.005,0.023,0.112,0.010,0.009,-0.398,-0.917,0.899,-0.437,ETH,0
2021-05-19 13:19:35,50,0.003,0.000,0.033,0.064,0.027,0.072,0.011,0.011,-0.398,-0.917,0.899,-0.437,ETH,0
2021-05-19 13:20:00,50,0.265,0.037,0.238,0.095,0.055,0.076,0.011,0.011,-0.398,-0.917,0.848,-0.530,ETH,0
2021-05-19 13:20:00,51,-0.210,0.071,-0.206,-0.015,0.077,0.088,0.011,0.011,-0.398,-0.917,0.848,-0.530,ETH,0
2021-05-19 13:20:25,51,-0.017,0.015,-0.091,-0.092,0.054,0.011,0.010,0.011,-0.398,-0.917,0.848,-0.530,ETH,0
2021-05-19 13:20:50,51,0.195,0.027,0.046,0.122,0.078,-0.075,0.009,0.010,-0.398,-0.917,0.848,-0.530,ETH,0
2021-05-19 13:22:05,52,-0.274,0.035,-0.458,-0.182,0.026,0.010,-0.000,0.001,-0.398,-0.917,0.716,-0.698,ETH,0
2021-05-19 13:22:30,52,-0.039,0.003,-0.038,-0.070,0.026,-0.026,0.002,0.002,-0.398,-0.917,0.716,-0.698,ETH,0
2021-05-19 13:22:55,52,0.027,-0.002,0.213,0.108,-0.023,-0.005,0.001,0.001,-0.398,-0.917,0.716,-0.698,ETH,0
2021-05-19 13:22:55,53,-0.500,0.050,-0.596,-0.279,0.037,0.001,-0.000,0.001,-0.398,-0.917,0.716,-0.698,ETH,0
2021-05-19 13:23:20,53,0.007,-0.025,0.007,-0.013,0.005,0.010,-0.002,-0.003,-0.398,-0.917,0.638,-0.770,ETH,0
2021-05-19 13:23:45,53,0.134,-0.017,0.226,0.261,-0.044,-0.019,-0.004,-0.004,-0.398,-0.917,0.638,-0.770,ETH,0
2021-05-19 13:27:05,54,-0.046,0.034,-0.045,-0.013,0.070,0.195,0.005,0.005,-0.398,-0.917,0.263,-0.965,ETH,0
2021-05-19 13:27:30,54,0.018,0.008,0.035,-0.000,0.004,0.097,0.006,0.006,-0.398,-0.917,0.263,-0.965,ETH,0
2021-05-19 13:27:55,54,-0.091,0.016,0.099,-0.034,0.079,-0.050,0.006,0.006,-0.398,-0.917,0.263,-0.965,ETH,0
2021-05-19 13:30:00,55,-0.455,0.056,-0.427,-0.104,0.083,0.164,-0.001,-0.001,-0.398,-0.917,-0.053,-0.999,ETH,0
2021-05-19 13:30:25,55,0.013,-0.011,-0.078,-0.230,-0.122,0.063,-0.001,-0.002,-0.398,-0.917,-0.053,-0.999,ETH,0
2021-05-19 13:30:50,55,0.308,-0.028,0.395,0.055,-0.075,0.010,-0.002,-0.002,-0.398,-0.917,-0.053,-0.999,ETH,0
2021-05-19 13:32:55,56,-0.415,0.066,-0.391,-0.167,0.070,0.241,0.003,0.003,-0.398,-0.917,-0.263,-0.965,ETH,0
2021-05-19 13:33:20,56,0.036,0.011,0.353,1.050,0.255,0.157,0.005,0.005,-0.398,-0.917,-0.364,-0.931,ETH,0
2021-05-19 13:33:45,56,0.000,0.000,0.002,0.000,-0.002,0.131,0.007,0.006,-0.398,-0.917,-0.364,-0.931,ETH,0
2021-05-19 13:35:50,57,-0.482,0.065,-0.395,-0.101,0.091,-0.217,0.002,0.002,-0.398,-0.917,-0.553,-0.833,ETH,0
2021-05-19 13:36:15,57,-0.212,-0.037,-0.011,0.028,-0.040,0.022,-0.000,-0.001,-0.398,-0.917,-0.638,-0.770,ETH,0
2021-05-19 13:36:40,57,0.006,-0.003,0.002,0.047,0.058,0.103,-0.002,-0.002,-0.398,-0.917,-0.638,-0.770,ETH,0
2021-05-19 13:47:05,58,0.287,0.048,0.122,0.068,0.079,0.197,-0.007,-0.006,-0.398,-0.917,-0.957,0.289,ETH,0
2021-05-19 13:47:30,58,0.018,0.028,0.282,0.123,0.022,-0.006,-0.005,-0.003,-0.398,-0.917,-0.957,0.289,ETH,0
2021-05-19 13:47:55,58,0.277,-0.019,0.114,-0.075,0.016,-0.044,-0.005,-0.005,-0.398,-0.917,-0.957,0.289,ETH,0
2021-05-19 13:47:55,59,-0.266,0.026,-0.350,-0.290,0.061,-0.047,-0.005,-0.005,-0.398,-0.917,-0.957,0.289,ETH,0
2021-05-19 13:48:20,59,0.039,-0.011,0.092,0.210,-0.057,-0.010,-0.007,-0.007,-0.398,-0.917,-0.921,0.389,ETH,0
2021-05-19 13:48:45,59,0.004,0.027,0.036,-0.022,-0.015,-0.086,-0.007,-0.005,-0.398,-0.917,-0.921,0.389,ETH,0
2021-05-19 14:07:05,60,0.016,-0.002,-0.136,-0.054,0.023,-0.161,-0.002,0.002,-0.631,-0.776,0.678,0.735,ETH,0
2021-05-20 01:00:50,61,-0.007,0.104,-0.062,0.083,0.162,0.209,0.004,0.005,0.270,0.963,0.000,1.000,ETH,0
2021-05-20 01:01:15,61,-0.093,0.062,-0.111,-0.028,0.106,0.104,0.004,0.005,0.270,0.963,0.106,0.994,ETH,0
2021-05-20 01:01:40,61,-0.036,0.010,-0.008,-0.117,0.051,-0.061,0.006,0.005,0.270,0.963,0.106,0.994,ETH,0
2021-05-21 16:04:10,62,-0.049,0.053,-0.027,-0.048,0.058,0.506,0.003,0.003,-0.942,-0.335,0.413,0.911,ETH,0
2021-05-21 16:04:35,62,-0.148,0.024,-0.148,-0.173,0.031,0.127,0.002,0.003,-0.942,-0.335,0.413,0.911,ETH,0
2021-05-21 16:05:00,62,0.038,-0.025,0.027,0.049,-0.016,0.043,0.002,0.003,-0.942,-0.335,0.508,0.862,ETH,0
2021-05-23 12:45:50,63,-0.243,0.083,-0.265,-0.220,0.153,-0.091,-0.001,-0.000,-0.136,-0.991,-0.997,0.080,ETH,0
2021-05-23 12:46:15,63,-0.098,0.031,-0.109,-0.136,0.068,-0.058,-0.000,0.000,-0.136,-0.991,-0.983,0.185,ETH,0
2021-05-23 12:46:40,63,-0.016,0.005,-0.028,-0.037,0.006,0.013,0.000,0.001,-0.136,-0.991,-0.983,0.185,ETH,0
2021-09-07 15:00:00,64,0.618,0.358,0.453,0.112,0.214,0.223,-0.004,-0.003,-0.817,-0.577,0.000,1.000,ETH,0
2021-09-07 15:00:25,64,0.004,0.153,0.043,-0.016,0.152,0.017,-0.003,-0.003,-0.817,-0.577,0.000,1.000,ETH,0
2021-09-07 15:00:50,64,-0.039,0.123,-0.060,-0.043,0.133,-0.025,-0.003,-0.003,-0.817,-0.577,0.000,1.000,ETH,0
2021-12-04 05:22:05,68,0.324,0.201,0.353,0.501,0.332,0.383,-0.003,-0.002,0.979,0.203,0.716,-0.698,ETH,0
2021-12-04 05:22:30,68,0.051,0.112,0.070,0.066,0.167,0.184,-0.003,-0.002,0.979,0.203,0.716,-0.698,ETH,0
2021-12-04 05:22:55,68,0.104,0.148,0.089,-0.021,0.099,0.082,-0.003,-0.003,0.979,0.203,0.716,-0.698,ETH,0
2022-05-11 13:50:00,69,0.010,0.081,-0.002,0.006,0.074,0.202,0.002,0.003,-0.398,-0.917,-0.818,0.575,ETH,0
2022-05-11 13:50:25,69,0.026,-0.035,0.030,0.059,-0.038,0.036,0.002,0.002,-0.398,-0.917,-0.818,0.575,ETH,0
2022-05-11 13:50:50,69,-0.022,0.024,-0.023,-0.033,0.021,-0.014,0.002,0.002,-0.398,-0.917,-0.818,0.575,ETH,0
2022-09-13 12:30:50,70,0.007,0.233,0.050,-0.010,0.167,0.356,-0.004,-0.002,-0.136,-0.991,-0.053,-0.999,ETH,0
2022-09-13 12:31:15,70,-0.004,0.190,-0.007,-0.009,0.163,0.211,-0.004,-0.004,-0.136,-0.991,-0.159,-0.987,ETH,0
2022-09-13 12:31:40,70,-0.026,0.110,-0.028,-0.018,0.119,0.103,-0.005,-0.004,-0.136,-0.991,-0.159,-0.987,ETH,0
2022-09-21 18:00:50,71,0.065,0.305,0.023,-0.019,0.157,0.317,-0.003,-0.002,-0.979,0.203,0.000,1.000,ETH,0
2022-09-21 18:01:15,71,-0.026,0.114,-0.033,-0.023,0.114,0.136,-0.003,-0.003,-0.979,0.203,0.106,0.994,ETH,0
2022-09-21 18:01:40,71,0.011,0.205,-0.004,0.016,0.220,-0.004,-0.002,-0.000,-0.979,0.203,0.106,0.994,ETH,0
2022-10-13 12:30:50,72,0.023,0.253,0.030,0.063,0.286,0.314,-0.003,-0.002,-0.136,-0.991,-0.053,-0.999,ETH,0
2022-10-13 12:31:15,72,-0.005,0.208,-0.008,0.003,0.202,0.128,-0.003,-0.001,-0.136,-0.991,-0.159,-0.987,ETH,0
2022-10-13 12:31:40,72,-0.069,0.102,-0.068,-0.076,0.082,0.071,-0.003,-0.002,-0.136,-0.991,-0.159,-0.987,ETH,0
2022-10-25 17:00:50,73,0.203,0.442,0.094,0.001,0.218,0.318,0.005,0.007,-0.998,-0.068,0.000,1.000,ETH,0
2022-10-25 17:01:15,73,-0.018,0.165,-0.024,-0.034,0.093,0.089,0.005,0.005,-0.998,-0.068,0.106,0.994,ETH,0
2022-10-25 17:01:40,73,0.000,-0.013,-0.000,-0.035,-0.118,0.018,0.004,0.004,-0.998,-0.068,0.106,0.994,ETH,0
2022-11-08 19:35:00,74,-0.005,0.001,-0.123,-0.153,0.029,0.473,0.003,0.004,-0.888,0.460,-0.553,-0.833,ETH,0
2022-11-10 13:30:50,75,0.066,0.288,0.068,0.108,0.359,0.440,0.006,0.007,-0.398,-0.917,-0.053,-0.999,ETH,0
2022-11-10 13:31:15,75,-0.003,0.168,-0.018,-0.028,0.133,0.186,0.006,0.007,-0.398,-0.917,-0.159,-0.987,ETH,0
2022-11-10 13:31:40,75,-0.044,0.103,-0.035,-0.028,0.067,0.062,0.006,0.006,-0.398,-0.917,-0.159,-0.987,ETH,0
2023-04-14 00:37:05,76,0.081,0.381,0.052,0.017,0.270,0.737,0.003,0.004,0.000,1.000,-0.716,-0.698,ETH,0
2023-04-14 00:37:30,76,-0.010,0.195,-0.009,-0.020,0.127,0.222,0.004,0.004,0.000,1.000,-0.716,-0.698,ETH,0
2023-04-14 00:37:55,76,-0.031,0.080,-0.032,-0.026,0.091,0.104,0.004,0.004,0.000,1.000,-0.716,-0.698,ETH,0
2023-08-17 21:45:00,77,-0.082,0.158,-0.114,-0.108,0.083,0.041,-0.009,-0.009,-0.520,0.854,-0.997,0.080,ETH,0
2023-08-17 21:45:25,77,0.020,0.074,0.105,0.041,0.055,-0.103,-0.007,-0.007,-0.520,0.854,-0.997,0.080,ETH,0
2023-08-17 21:45:50,77,-0.161,-0.082,-0.093,-0.161,-0.120,-0.104,-0.006,-0.006,-0.520,0.854,-0.997,0.080,ETH,0
2020-11-18 05:45:50,78,-0.034,0.104,-0.042,-0.044,0.102,0.367,-0.004,-0.004,0.979,0.203,-0.997,0.080,XRP,0
2020-11-18 05:46:15,78,-0.040,0.083,-0.048,-0.042,0.051,0.229,-0.005,-0.005,0.979,0.203,-0.983,0.185,XRP,0
2020-11-18 05:46:40,78,-0.050,0.146,-0.041,-0.041,0.053,0.039,-0.004,-0.004,0.979,0.203,-0.983,0.185,XRP,0
2020-11-22 00:52:55,79,0.121,0.212,0.091,0.023,0.202,0.193,-0.005,-0.005,0.000,1.000,-0.678,0.735,XRP,0
2020-11-22 00:53:20,79,-0.033,0.110,-0.013,-0.021,0.059,-0.015,-0.005,-0.004,0.000,1.000,-0.596,0.803,XRP,0
2020-11-22 00:53:45,79,-0.081,0.051,-0.041,-0.033,0.034,-0.026,-0.004,-0.004,0.000,1.000,-0.596,0.803,XRP,0
2020-11-22 00:57:05,80,-0.105,-0.029,-0.070,-0.022,-0.008,0.127,-0.003,-0.003,0.000,1.000,-0.211,0.977,XRP,0
2020-11-22 00:57:30,80,-0.132,-0.053,-0.134,0.034,-0.038,-0.024,-0.003,-0.003,0.000,1.000,-0.211,0.977,XRP,0
2020-11-22 00:57:55,80,0.050,0.034,-0.010,-0.021,0.035,-0.052,-0.004,-0.003,0.000,1.000,-0.211,0.977,XRP,0
2020-11-22 01:42:55,81,0.185,0.195,0.086,0.175,0.279,0.449,-0.006,-0.005,0.270,0.963,-0.971,-0.237,XRP,0
2020-11-22 01:43:20,81,-0.073,0.058,-0.102,-0.053,0.059,0.013,-0.005,-0.005,0.270,0.963,-0.991,-0.133,XRP,0
2020-11-22 01:43:45,81,0.016,0.043,-0.025,-0.010,0.025,-0.033,-0.003,-0.004,0.270,0.963,-0.991,-0.133,XRP,0
2020-11-22 23:04:10,82,0.070,0.304,0.053,0.041,0.257,0.322,-0.003,-0.003,-0.000,1.000,0.413,0.911,XRP,0
2020-11-22 23:04:35,82,-0.013,0.056,-0.010,-0.002,0.015,0.108,-0.003,-0.003,-0.000,1.000,0.413,0.911,XRP,0
2020-11-22 23:05:00,82,-0.005,0.045,-0.011,-0.024,0.089,0.045,-0.003,-0.002,-0.000,1.000,0.508,0.862,XRP,0
2020-11-24 01:25:00,83,0.247,0.467,0.185,0.102,0.367,0.196,-0.004,-0.003,0.270,0.963,0.461,-0.887,XRP,0
2020-11-24 01:25:25,83,0.007,0.183,0.024,0.049,0.272,-0.031,-0.002,-0.001,0.270,0.963,0.461,-0.887,XRP,0
2020-11-24 01:25:50,83,0.022,0.174,-0.001,-0.006,0.125,-0.013,-0.000,-0.000,0.270,0.963,0.461,-0.887,XRP,0
2020-11-24 01:25:50,84,0.004,0.205,-0.016,-0.023,0.156,-0.012,-0.000,0.000,0.270,0.963,0.461,-0.887,XRP,0
2020-11-24 01:26:15,84,-0.031,0.139,0.018,0.614,0.506,-0.030,-0.001,-0.000,0.270,0.963,0.364,-0.931,XRP,0
2020-11-24 01:26:40,84,-0.068,0.102,-0.070,-0.042,0.151,-0.034,-0.001,-0.001,0.270,0.963,0.364,-0.931,XRP,0
2020-11-24 06:02:05,85,-0.007,0.025,-0.020,-0.012,0.015,-0.056,-0.005,-0.005,0.998,-0.068,0.211,0.977,XRP,0
2020-11-24 06:02:30,85,-0.038,0.015,-0.059,-0.049,0.024,-0.225,-0.005,-0.004,0.998,-0.068,0.211,0.977,XRP,0
2020-11-24 06:02:55,85,0.034,-0.039,0.021,0.013,-0.051,0.070,-0.004,-0.005,0.998,-0.068,0.211,0.977,XRP,0
2020-11-24 06:04:10,86,-0.121,-0.057,-0.031,0.008,-0.014,0.037,-0.006,-0.006,0.998,-0.068,0.413,0.911,XRP,0
2020-11-24 06:04:35,86,-0.029,-0.030,0.010,-0.007,-0.003,-0.092,-0.006,-0.005,0.998,-0.068,0.413,0.911,XRP,0
2020-11-24 06:05:00,86,0.003,0.041,0.014,0.097,0.049,-0.163,-0.004,-0.003,0.998,-0.068,0.508,0.862,XRP,0
2020-11-24 06:10:00,87,-0.009,0.061,0.063,0.008,0.096,-0.012,-0.009,-0.008,0.998,-0.068,0.875,0.485,XRP,0
2020-11-24 06:10:25,87,-0.040,0.079,-0.019,-0.127,0.084,-0.085,-0.006,-0.006,0.998,-0.068,0.875,0.485,XRP,0
2020-11-24 06:10:50,87,-0.013,0.028,-0.028,0.001,-0.008,-0.078,-0.004,-0.005,0.998,-0.068,0.875,0.485,XRP,0
2020-11-24 06:10:50,88,-0.228,0.095,-0.181,-0.142,0.081,-0.069,-0.004,-0.004,0.998,-0.068,0.875,0.485,XRP,0
2020-11-24 06:11:15,88,-0.059,0.027,-0.035,0.001,-0.031,-0.142,-0.004,-0.004,0.998,-0.068,0.921,0.389,XRP,0
2020-11-24 06:11:40,88,-0.202,0.049,-0.185,-0.089,0.037,-0.147,-0.003,-0.002,0.998,-0.068,0.921,0.389,XRP,0
2020-11-26 03:30:50,89,-0.198,0.085,-0.222,-0.023,0.195,0.180,-0.007,-0.006,0.731,0.683,-0.053,-0.999,XRP,0
2020-11-26 03:31:15,89,0.001,-0.006,0.004,-0.015,0.016,0.057,-0.006,-0.006,0.731,0.683,-0.159,-0.987,XRP,0
2020-11-26 03:31:40,89,0.029,0.058,-0.066,-0.029,0.080,0.038,-0.007,-0.007,0.731,0.683,-0.159,-0.987,XRP,0
2020-11-26 03:40:00,90,0.058,0.055,0.425,4.032,0.217,0.211,-0.005,-0.004,0.731,0.683,-0.899,-0.437,XRP,0
2020-11-26 03:40:25,90,-0.016,0.046,-0.012,-0.010,0.050,0.020,-0.004,-0.004,0.731,0.683,-0.899,-0.437,XRP,0
2020-11-26 03:40:50,90,-0.040,0.010,-0.039,0.033,-0.033,-0.061,-0.003,-0.003,0.731,0.683,-0.899,-0.437,XRP,0
2020-11-26 08:34:10,91,-0.218,-0.077,-0.211,-0.031,-0.031,0.124,0.001,0.000,0.817,-0.577,-0.461,-0.887,XRP,0
2020-11-26 08:34:35,91,-0.158,-0.070,-0.188,-0.043,-0.061,0.064,0.002,0.002,0.817,-0.577,-0.461,-0.887,XRP,0
2020-11-26 08:35:00,91,0.067,0.059,0.114,-0.035,0.076,0.069,0.003,0.003,0.817,-0.577,-0.553,-0.833,XRP,0
2020-12-01 11:25:50,92,0.006,-0.005,-0.026,-0.024,0.012,0.626,-0.002,-0.002,0.136,-0.991,0.461,-0.887,XRP,0
2020-12-22 21:42:55,96,-0.347,0.044,-0.426,-0.138,0.030,-0.134,-0.006,-0.005,-0.520,0.854,-0.971,-0.237,XRP,0
2020-12-22 21:43:20,96,0.247,-0.037,0.447,0.121,-0.083,-0.189,-0.005,-0.005,-0.520,0.854,-0.991,-0.133,XRP,0
2020-12-22 21:43:45,96,0.070,-0.078,0.118,0.072,-0.053,-0.184,-0.003,-0.004,-0.520,0.854,-0.991,-0.133,XRP,0
2020-12-23 20:50:50,97,-0.195,0.099,-0.168,-0.118,0.117,0.191,-0.009,-0.008,-0.731,0.683,-0.818,0.575,XRP,0
2020-12-23 20:51:15,97,-0.020,0.042,0.058,0.099,0.093,0.014,-0.008,-0.005,-0.731,0.683,-0.753,0.659,XRP,0
2020-12-23 20:51:40,97,-0.085,0.019,-0.138,-0.125,0.068,-0.107,-0.005,-0.004,-0.731,0.683,-0.753,0.659,XRP,0
2020-12-23 20:52:05,98,-0.138,0.023,-0.161,-0.191,0.040,-0.123,-0.003,-0.003,-0.731,0.683,-0.678,0.735,XRP,0
2020-12-23 20:52:30,98,0.115,-0.050,0.162,0.187,-0.058,-0.088,-0.002,-0.002,-0.731,0.683,-0.678,0.735,XRP,0
2020-12-23 20:52:55,98,0.089,-0.077,0.129,0.082,-0.050,-0.038,-0.001,-0.001,-0.731,0.683,-0.678,0.735,XRP,0
2020-12-23 20:54:10,99,-0.043,-0.065,-0.069,-0.134,-0.112,0.006,0.001,0.001,-0.731,0.683,-0.508,0.862,XRP,0
2020-12-23 20:54:35,99,-0.230,-0.096,-0.041,0.037,-0.047,-0.045,0.003,0.003,-0.731,0.683,-0.508,0.862,XRP,0
2020-12-23 20:55:00,99,-0.196,-0.057,-0.118,-0.026,-0.087,-0.250,0.005,0.005,-0.731,0.683,-0.413,0.911,XRP,0
2020-12-23 22:15:00,100,2.612,0.340,1.995,1.005,0.333,-0.007,-0.008,-0.005,-0.270,0.963,1.000,-0.027,XRP,0
2020-12-23 22:15:25,100,0.070,0.134,0.039,0.074,0.161,-0.094,-0.004,-0.003,-0.270,0.963,1.000,-0.027,XRP,0
2020-12-23 22:15:50,100,-0.001,0.082,-0.030,-0.035,0.040,-0.098,-0.004,-0.003,-0.270,0.963,1.000,-0.027,XRP,0
2020-12-23 22:15:50,101,-0.051,0.136,-0.087,-0.051,0.060,-0.076,-0.003,-0.002,-0.270,0.963,1.000,-0.027,XRP,0
2020-12-23 22:16:15,101,-0.007,0.012,-0.011,0.001,-0.015,-0.075,-0.002,-0.002,-0.270,0.963,0.991,-0.133,XRP,0
2020-12-23 22:16:40,101,-0.045,0.027,-0.051,-0.043,0.031,-0.065,-0.002,-0.001,-0.270,0.963,0.991,-0.133,XRP,0
2020-12-23 22:20:00,102,0.027,0.006,0.142,0.092,0.060,0.070,-0.002,-0.001,-0.270,0.963,0.848,-0.530,XRP,0
2020-12-23 22:20:25,102,-0.155,-0.104,-0.131,-0.359,-0.172,-0.110,-0.002,-0.002,-0.270,0.963,0.848,-0.530,XRP,0
2020-12-23 22:20:50,102,-0.006,-0.011,-0.098,-0.031,-0.071,-0.035,-0.003,-0.003,-0.270,0.963,0.848,-0.530,XRP,0
2020-12-23 22:25:50,103,0.205,0.212,0.137,-0.066,0.164,-0.034,-0.000,0.001,-0.270,0.963,0.461,-0.887,XRP,0
2020-12-23 22:26:15,103,0.021,0.024,0.000,-0.052,0.032,0.042,0.001,0.001,-0.270,0.963,0.364,-0.931,XRP,0
2020-12-23 22:26:40,103,-0.044,0.019,-0.035,-0.071,0.018,0.086,0.001,0.002,-0.270,0.963,0.364,-0.931,XRP,0
2020-12-23 22:27:55,104,-0.085,0.035,-0.080,0.037,-0.023,-0.068,0.003,0.002,-0.270,0.963,0.263,-0.965,XRP,0
2020-12-23 22:28:20,104,-0.038,-0.060,-0.041,-0.039,-0.018,-0.199,0.004,0.003,-0.270,0.963,0.159,-0.987,XRP,0
2020-12-23 22:28:45,104,-0.008,-0.007,-0.027,-0.069,-0.042,-0.118,0.003,0.003,-0.270,0.963,0.159,-0.987,XRP,0
2020-12-23 22:34:10,105,0.014,0.007,0.023,0.075,0.131,0.138,0.005,0.004,-0.270,0.963,-0.461,-0.887,XRP,0
2020-12-23 22:34:35,105,-0.016,0.017,0.012,0.707,0.232,0.044,0.006,0.006,-0.270,0.963,-0.461,-0.887,XRP,0
2020-12-23 22:35:00,105,0.005,-0.007,0.002,-0.009,0.012,0.074,0.006,0.005,-0.270,0.963,-0.553,-0.833,XRP,0
2020-12-23 22:42:55,106,-0.031,0.114,-0.058,-0.055,0.059,0.123,0.004,0.004,-0.270,0.963,-0.971,-0.237,XRP,0
2020-12-23 22:43:20,106,-0.021,0.019,-0.005,0.009,-0.005,0.050,0.004,0.004,-0.270,0.963,-0.991,-0.133,XRP,0
2020-12-23 22:43:45,106,-0.042,0.058,-0.031,-0.002,0.006,0.011,0.005,0.006,-0.270,0.963,-0.991,-0.133,XRP,0
2020-12-24 00:05:50,107,0.216,0.229,0.185,0.103,0.218,0.649,0.003,0.004,0.000,1.000,0.508,0.862,XRP,0
2020-12-24 00:06:15,107,-0.084,0.079,-0.090,-0.096,0.081,0.384,0.004,0.004,0.000,1.000,0.596,0.803,XRP,0
2020-12-24 00:06:40,107,-0.031,0.017,-0.073,-0.006,0.002,0.109,0.004,0.004,0.000,1.000,0.596,0.803,XRP,0
2020-12-24 01:40:50,108,0.243,0.305,0.173,0.174,0.332,0.392,0.006,0.006,0.270,0.963,-0.899,-0.437,XRP,0
2020-12-24 01:41:15,108,-0.004,0.094,-0.015,-0.022,0.102,0.136,0.005,0.006,0.270,0.963,-0.941,-0.339,XRP,0
2020-12-24 01:41:40,108,-0.035,0.063,-0.036,-0.043,0.085,0.024,0.005,0.006,0.270,0.963,-0.941,-0.339,XRP,0
2020-12-24 23:17:05,109,0.018,0.114,-0.002,-0.023,0.117,0.274,0.007,0.006,-0.000,1.000,0.971,-0.237,XRP,0
2020-12-24 23:17:30,109,-0.040,0.130,-0.028,-0.051,0.125,0.137,0.007,0.008,-0.000,1.000,0.971,-0.237,XRP,0
2020-12-24 23:17:55,109,-0.007,0.139,-0.013,-0.019,0.161,0.081,0.007,0.009,-0.000,1.000,0.971,-0.237,XRP,0
2020-12-25 16:49:10,110,-0.006,0.018,0.161,0.021,0.035,0.235,-0.006,-0.005,-0.942,-0.335,-0.875,0.485,XRP,0
2020-12-25 16:49:35,110,0.399,0.029,0.663,0.479,0.110,0.192,-0.008,-0.008,-0.942,-0.335,-0.875,0.485,XRP,0
2020-12-25 16:50:00,110,0.171,0.051,0.489,0.598,0.157,-0.004,-0.008,-0.007,-0.942,-0.335,-0.818,0.575,XRP,0
2020-12-25 16:59:10,111,-0.014,0.038,0.032,0.139,0.048,0.082,-0.004,-0.004,-0.942,-0.335,-0.000,1.000,XRP,0
2020-12-25 16:59:35,111,0.016,0.014,0.004,-0.005,0.002,-0.108,-0.005,-0.004,-0.942,-0.335,-0.000,1.000,XRP,0
2020-12-25 17:00:00,111,-0.008,0.006,-0.002,0.016,-0.014,-0.090,-0.004,-0.003,-0.998,-0.068,0.000,1.000,XRP,0
2020-12-25 17:00:00,112,-0.114,0.038,-0.116,-0.051,0.019,-0.068,-0.003,-0.003,-0.998,-0.068,0.000,1.000,XRP,0
2020-12-25 17:00:25,112,0.057,-0.018,0.007,0.009,-0.009,-0.058,-0.004,-0.004,-0.998,-0.068,0.000,1.000,XRP,0
2020-12-25 17:00:50,112,-0.246,0.039,-0.303,-0.190,0.063,-0.224,-0.004,-0.004,-0.998,-0.068,0.000,1.000,XRP,0
2020-12-25 17:02:05,113,0.111,-0.020,-0.098,-0.009,0.004,-0.202,-0.005,-0.004,-0.998,-0.068,0.211,0.977,XRP,0
2020-12-25 17:02:30,113,-0.316,-0.052,-0.408,-0.047,-0.012,-0.023,-0.001,-0.003,-0.998,-0.068,0.211,0.977,XRP,0
2020-12-25 17:02:55,113,-0.004,-0.023,0.006,0.066,-0.059,0.016,-0.001,-0.001,-0.998,-0.068,0.211,0.977,XRP,0
2020-12-25 17:29:10,114,-0.048,0.063,-0.049,-0.028,0.042,0.047,-0.007,-0.007,-0.998,-0.068,0.053,-0.999,XRP,0
2020-12-25 17:29:35,114,-0.072,0.054,-0.079,-0.033,0.035,-0.079,-0.005,-0.005,-0.998,-0.068,0.053,-0.999,XRP,0
2020-12-25 17:30:00,114,-0.090,0.046,-0.101,-0.042,0.038,-0.135,-0.004,-0.004,-0.998,-0.068,-0.053,-0.999,XRP,0
2020-12-25 19:47:05,115,0.007,-0.006,-0.012,-0.001,0.054,0.112,0.003,0.003,-0.888,0.460,-0.957,0.289,XRP,0
2020-12-25 19:47:30,115,0.023,-0.020,-0.011,-0.027,0.026,-0.033,0.003,0.003,-0.888,0.460,-0.957,0.289,XRP,0
2020-12-25 19:47:55,115,0.013,-0.049,0.025,0.057,-0.050,-0.045,0.002,0.002,-0.888,0.460,-0.957,0.289,XRP,0
2020-12-26 16:17:05,116,-0.020,0.096,-0.012,-0.030,0.117,0.158,0.006,0.007,-0.942,-0.335,0.971,-0.237,XRP,0
2020-12-26 16:17:30,116,-0.052,0.068,-0.047,-0.037,0.052,0.034,0.006,0.006,-0.942,-0.335,0.971,-0.237,XRP,0
2020-12-26 16:17:55,116,-0.036,0.072,-0.028,-0.038,0.066,-0.018,0.005,0.006,-0.942,-0.335,0.971,-0.237,XRP,0
2020-12-28 22:37:05,117,-0.049,0.027,-0.082,-0.050,0.036,-0.024,-0.000,0.000,-0.270,0.963,-0.716,-0.698,XRP,0
2020-12-28 22:37:30,117,0.159,0.026,0.011,0.023,-0.029,-0.039,-0.001,-0.000,-0.270,0.963,-0.716,-0.698,XRP,0
2020-12-28 22:37:55,117,0.033,-0.026,0.110,0.057,-0.045,0.007,0.000,-0.000,-0.270,0.963,-0.716,-0.698,XRP,0
2020-12-28 22:49:10,118,0.137,-0.069,0.243,0.106,-0.046,-0.153,-0.003,-0.003,-0.270,0.963,-0.875,0.485,XRP,0
2020-12-28 22:49:35,118,-0.008,0.003,0.009,0.064,-0.032,-0.197,-0.004,-0.004,-0.270,0.963,-0.875,0.485,XRP,0
2020-12-28 22:50:00,118,0.031,-0.018,0.062,0.005,-0.042,-0.238,-0.003,-0.003,-0.270,0.963,-0.818,0.575,XRP,0
2020-12-29 17:27:55,119,0.076,0.264,0.108,0.075,0.267,0.286,0.005,0.006,-0.998,-0.068,0.263,-0.965,XRP,0
2020-12-29 17:28:20,119,-0.023,0.082,-0.020,-0.024,0.082,0.055,0.004,0.004,-0.998,-0.068,0.159,-0.987,XRP,0
2020-12-29 17:28:45,119,-0.040,0.100,-0.040,-0.039,0.088,0.008,0.004,0.005,-0.998,-0.068,0.159,-0.987,XRP,0
2020-12-29 17:32:55,120,-0.049,0.137,-0.048,-0.037,0.074,0.084,0.007,0.009,-0.998,-0.068,-0.263,-0.965,XRP,0
2020-12-29 17:33:20,120,-0.084,0.068,-0.056,-0.035,0.059,-0.068,0.006,0.007,-0.998,-0.068,-0.364,-0.931,XRP,0
2020-12-29 17:33:45,120,-0.094,0.077,-0.075,-0.052,0.079,-0.130,0.006,0.007,-0.998,-0.068,-0.364,-0.931,XRP,0
2020-12-29 17:39:10,121,0.071,0.027,-0.010,0.305,0.093,0.051,0.007,0.007,-0.998,-0.068,-0.848,-0.530,XRP,0
2020-12-29 17:39:35,121,-0.066,0.024,0.012,-0.054,0.022,-0.071,0.006,0.006,-0.998,-0.068,-0.848,-0.530,XRP,0
2020-12-29 17:40:00,121,0.164,0.108,0.261,0.296,0.137,0.078,0.008,0.009,-0.998,-0.068,-0.899,-0.437,XRP,0
2020-12-29 17:49:10,122,0.066,0.035,0.161,0.244,0.138,0.218,0.003,0.003,-0.998,-0.068,-0.875,0.485,XRP,0
2020-12-29 17:49:35,122,0.233,0.078,0.196,0.096,0.142,0.297,0.005,0.005,-0.998,-0.068,-0.875,0.485,XRP,0
2020-12-29 17:50:00,122,0.130,0.053,0.101,0.098,0.070,0.357,0.005,0.006,-0.998,-0.068,-0.818,0.575,XRP,0
2020-12-29 17:50:50,123,-0.133,0.156,-0.127,-0.115,0.158,0.178,0.009,0.009,-0.998,-0.068,-0.818,0.575,XRP,0
2020-12-29 17:51:15,123,-0.098,0.066,-0.108,-0.136,0.052,0.046,0.009,0.009,-0.998,-0.068,-0.753,0.659,XRP,0
2020-12-29 17:51:40,123,-0.084,0.109,0.010,0.454,0.204,0.086,0.011,0.012,-0.998,-0.068,-0.753,0.659,XRP,0
2020-12-29 17:55:50,124,-0.088,0.042,-0.149,-0.072,0.043,0.060,-0.007,-0.007,-0.998,-0.068,-0.413,0.911,XRP,0
2020-12-29 17:56:15,124,-0.335,-0.078,-0.296,-0.074,-0.045,0.050,-0.007,-0.007,-0.998,-0.068,-0.314,0.949,XRP,0
2020-12-29 17:56:40,124,-0.087,-0.049,-0.155,-0.074,-0.063,-0.099,-0.007,-0.007,-0.998,-0.068,-0.314,0.949,XRP,0
2020-12-30 05:42:05,125,-0.017,0.174,-0.019,-0.017,0.162,0.089,0.005,0.006,0.979,0.203,-0.971,-0.237,XRP,0
2020-12-30 05:42:30,125,-0.040,0.100,-0.030,-0.029,0.091,0.038,0.005,0.006,0.979,0.203,-0.971,-0.237,XRP,0
2020-12-30 05:42:55,125,-0.052,0.087,-0.039,-0.040,0.078,0.002,0.006,0.006,0.979,0.203,-0.971,-0.237,XRP,0
2021-01-04 07:24:10,126,-0.083,-0.013,-0.297,-0.063,-0.023,0.097,-0.003,-0.003,0.942,-0.335,0.553,-0.833,XRP,0
2021-01-04 07:24:35,126,0.004,0.002,-0.001,-0.025,-0.007,-0.013,-0.002,-0.002,0.942,-0.335,0.553,-0.833,XRP,0
2021-01-04 07:25:00,126,0.000,0.000,0.100,0.226,0.099,-0.027,-0.003,-0.003,0.942,-0.335,0.461,-0.887,XRP,0
2021-01-06 14:42:55,127,-0.447,0.083,-0.483,-0.131,0.159,0.071,0.006,0.006,-0.631,-0.776,-0.971,-0.237,XRP,0
2021-01-06 14:43:20,127,0.197,-0.023,0.135,-0.035,0.010,0.054,0.004,0.004,-0.631,-0.776,-0.991,-0.133,XRP,0
2021-01-06 14:43:45,127,-0.002,-0.018,0.015,0.031,-0.031,0.064,0.004,0.004,-0.631,-0.776,-0.991,-0.133,XRP,0
2021-01-07 18:35:00,128,0.012,0.114,0.015,0.293,0.165,0.104,-0.007,-0.006,-0.979,0.203,-0.553,-0.833,XRP,0
2021-01-07 18:35:25,128,-0.098,0.044,-0.062,0.006,-0.007,-0.037,-0.006,-0.005,-0.979,0.203,-0.553,-0.833,XRP,0
2021-01-07 18:35:50,128,-0.051,0.025,-0.079,-0.034,0.082,-0.120,-0.005,-0.005,-0.979,0.203,-0.553,-0.833,XRP,0
2021-01-07 18:35:50,129,-0.229,0.082,-0.230,-0.141,0.132,-0.120,-0.005,-0.005,-0.979,0.203,-0.553,-0.833,XRP,0
2021-01-07 18:36:15,129,-0.122,0.036,-0.180,-0.112,0.053,-0.189,-0.005,-0.005,-0.979,0.203,-0.638,-0.770,XRP,0
2021-01-07 18:36:40,129,-0.048,0.008,-0.041,-0.094,0.021,-0.259,-0.005,-0.005,-0.979,0.203,-0.638,-0.770,XRP,0
2021-01-07 18:40:00,130,0.573,0.132,0.934,0.841,0.142,0.315,-0.005,-0.004,-0.979,0.203,-0.899,-0.437,XRP,0
2021-01-07 18:40:25,130,-0.003,-0.031,-0.012,-0.021,-0.017,0.011,-0.003,-0.003,-0.979,0.203,-0.899,-0.437,XRP,0
2021-01-07 18:40:50,130,-0.009,0.020,-0.009,-0.001,0.014,0.013,-0.002,-0.002,-0.979,0.203,-0.899,-0.437,XRP,0
2021-01-07 18:42:05,131,0.009,0.016,-0.003,0.001,0.027,0.062,-0.005,-0.005,-0.979,0.203,-0.971,-0.237,XRP,0
2021-01-07 18:42:30,131,0.052,-0.020,-0.035,0.028,0.080,-0.117,-0.005,-0.005,-0.979,0.203,-0.971,-0.237,XRP,0
2021-01-07 18:42:55,131,0.042,-0.017,-0.004,-0.082,0.067,-0.157,-0.004,-0.004,-0.979,0.203,-0.971,-0.237,XRP,0
2021-01-11 03:37:05,132,0.012,0.033,-0.006,-0.048,0.094,0.143,-0.005,-0.005,0.731,0.683,-0.716,-0.698,XRP,0
2021-01-11 03:37:30,132,0.003,0.004,0.006,0.033,0.047,0.083,-0.007,-0.006,0.731,0.683,-0.716,-0.698,XRP,0
2021-01-11 03:37:55,132,-0.012,0.015,-0.017,0.027,-0.009,0.049,-0.008,-0.008,0.731,0.683,-0.716,-0.698,XRP,0
2021-01-11 03:40:00,133,-0.038,0.056,-0.021,-0.010,0.032,-0.119,-0.001,0.000,0.731,0.683,-0.899,-0.437,XRP,0
2021-01-11 03:40:25,133,0.021,-0.014,0.016,0.006,-0.014,0.092,0.001,0.000,0.731,0.683,-0.899,-0.437,XRP,0
2021-01-11 03:40:50,133,-0.017,0.022,-0.007,-0.009,0.033,0.068,0.001,0.002,0.731,0.683,-0.899,-0.437,XRP,0
2021-01-30 16:15:50,134,0.078,0.180,0.180,0.446,0.249,0.750,0.003,0.004,-0.942,-0.335,1.000,-0.027,XRP,0
2021-01-30 16:16:15,134,0.163,0.050,0.126,0.179,0.095,0.446,0.004,0.004,-0.942,-0.335,0.991,-0.133,XRP,0
2021-01-30 16:16:40,134,0.089,0.072,0.089,-0.016,0.062,0.133,0.004,0.005,-0.942,-0.335,0.991,-0.133,XRP,0
2021-01-30 16:20:00,135,0.427,0.112,0.410,0.184,0.077,0.047,0.007,0.008,-0.942,-0.335,0.848,-0.530,XRP,0
2021-01-30 16:20:25,135,0.000,-0.002,-0.001,0.035,-0.041,-0.011,0.005,0.005,-0.942,-0.335,0.848,-0.530,XRP,0
2021-01-30 16:20:50,135,0.206,0.063,0.123,-0.030,0.021,-0.097,0.003,0.004,-0.942,-0.335,0.848,-0.530,XRP,0
2021-01-30 16:20:50,136,-0.150,0.146,-0.190,-0.194,0.086,-0.132,0.004,0.005,-0.942,-0.335,0.848,-0.530,XRP,0
2021-01-30 16:21:15,136,-0.077,0.020,-0.077,-0.012,0.004,-0.171,0.005,0.005,-0.942,-0.335,0.787,-0.618,XRP,0
2021-01-30 16:21:40,136,0.017,-0.004,-0.037,-0.008,0.004,-0.141,0.004,0.004,-0.942,-0.335,0.787,-0.618,XRP,0
2021-01-30 16:22:05,137,0.089,-0.018,0.034,-0.048,0.015,-0.137,0.004,0.004,-0.942,-0.335,0.716,-0.698,XRP,0
2021-01-30 16:22:30,137,0.013,-0.006,0.029,0.068,-0.069,-0.117,0.002,0.003,-0.942,-0.335,0.716,-0.698,XRP,0
2021-01-30 16:22:55,137,0.055,-0.036,0.048,-0.199,-0.103,-0.222,0.003,0.002,-0.942,-0.335,0.716,-0.698,XRP,0
2021-01-30 16:24:10,138,-0.124,-0.033,-0.159,-0.325,-0.060,0.317,0.004,0.003,-0.942,-0.335,0.553,-0.833,XRP,0
2021-01-30 16:24:35,138,0.010,-0.012,0.007,0.080,0.057,0.263,0.006,0.007,-0.942,-0.335,0.553,-0.833,XRP,0
2021-01-30 16:25:00,138,-0.166,-0.039,-0.143,0.037,0.021,-0.014,0.007,0.008,-0.942,-0.335,0.461,-0.887,XRP,0
2021-01-30 16:25:00,139,0.023,0.010,0.062,-0.006,0.056,-0.013,0.007,0.008,-0.942,-0.335,0.461,-0.887,XRP,0
2021-01-30 16:25:25,139,0.001,-0.001,0.014,-0.019,0.005,-0.041,0.005,0.005,-0.942,-0.335,0.461,-0.887,XRP,0
2021-01-30 16:25:50,139,-0.019,0.009,-0.019,-0.011,0.013,0.024,0.007,0.007,-0.942,-0.335,0.461,-0.887,XRP,0
2021-01-30 16:27:55,140,-0.232,0.079,-0.301,-0.231,0.049,-0.011,0.008,0.009,-0.942,-0.335,0.263,-0.965,XRP,0
2021-01-30 16:28:20,140,-0.027,-0.007,-0.030,0.003,-0.010,-0.063,0.004,0.004,-0.942,-0.335,0.159,-0.987,XRP,0
2021-01-30 16:28:45,140,0.008,-0.001,0.048,0.059,-0.034,0.029,0.005,0.004,-0.942,-0.335,0.159,-0.987,XRP,0
2021-01-30 16:30:00,141,0.316,0.115,0.228,-0.035,0.025,0.607,-0.004,-0.004,-0.942,-0.335,-0.053,-0.999,XRP,0
2021-01-30 16:30:25,141,0.182,0.078,0.327,0.096,0.027,0.214,-0.005,-0.004,-0.942,-0.335,-0.053,-0.999,XRP,0
2021-01-30 16:30:50,141,-0.001,0.028,0.001,-0.005,-0.010,0.038,-0.003,-0.001,-0.942,-0.335,-0.053,-0.999,XRP,0
2021-01-30 16:32:55,142,-0.051,0.152,-0.001,0.012,0.140,0.021,-0.012,-0.012,-0.942,-0.335,-0.263,-0.965,XRP,0
2021-01-30 16:33:20,142,-0.032,0.084,0.001,-0.010,0.088,0.105,-0.014,-0.013,-0.942,-0.335,-0.364,-0.931,XRP,0
2021-01-30 16:33:45,142,-0.014,0.019,-0.014,0.000,0.044,0.091,-0.011,-0.012,-0.942,-0.335,-0.364,-0.931,XRP,0
2021-01-30 16:34:10,143,-0.035,-0.048,-0.005,0.000,-0.001,0.046,-0.005,-0.005,-0.942,-0.335,-0.461,-0.887,XRP,0
2021-01-30 16:34:35,143,-0.008,-0.075,-0.032,-0.160,-0.070,0.026,-0.005,-0.006,-0.942,-0.335,-0.461,-0.887,XRP,0
2021-01-30 16:35:00,143,0.011,-0.038,0.015,-0.000,-0.001,-0.065,-0.006,-0.007,-0.942,-0.335,-0.553,-0.833,XRP,0
2021-01-30 16:35:50,144,-0.247,0.112,-0.258,-0.324,0.087,-0.196,-0.004,-0.002,-0.942,-0.335,-0.553,-0.833,XRP,0
2021-01-30 16:36:15,144,-0.100,0.030,-0.082,-0.159,0.083,0.057,0.001,0.001,-0.942,-0.335,-0.638,-0.770,XRP,0
2021-01-30 16:36:40,144,0.035,-0.028,0.034,0.138,-0.016,0.103,0.003,0.002,-0.942,-0.335,-0.638,-0.770,XRP,0
2021-01-30 16:37:55,145,-0.135,0.024,-0.171,-0.032,0.006,-0.142,0.003,0.003,-0.942,-0.335,-0.716,-0.698,XRP,0
2021-01-30 16:38:20,145,-0.038,-0.010,-0.019,0.018,-0.034,-0.091,0.003,0.002,-0.942,-0.335,-0.787,-0.618,XRP,0
2021-01-30 16:38:45,145,0.186,-0.023,0.248,0.080,-0.042,-0.123,0.002,0.002,-0.942,-0.335,-0.787,-0.618,XRP,0
2021-01-30 16:42:05,146,0.022,0.014,0.020,-0.012,0.018,0.173,-0.002,-0.003,-0.942,-0.335,-0.971,-0.237,XRP,0
2021-01-30 16:42:30,146,-0.274,-0.059,-0.297,-0.014,-0.036,0.065,-0.003,-0.004,-0.942,-0.335,-0.971,-0.237,XRP,0
2021-01-30 16:42:55,146,-0.008,0.004,-0.011,0.015,0.032,0.035,-0.002,-0.002,-0.942,-0.335,-0.971,-0.237,XRP,0
2021-01-30 16:52:05,147,0.002,0.075,0.004,-0.009,0.012,0.101,-0.006,-0.006,-0.942,-0.335,-0.678,0.735,XRP,0
2021-01-30 16:52:30,147,-0.005,0.073,-0.017,0.041,0.088,0.153,-0.007,-0.007,-0.942,-0.335,-0.678,0.735,XRP,0
2021-01-30 16:52:55,147,0.026,0.107,0.055,0.024,0.051,0.061,-0.008,-0.007,-0.942,-0.335,-0.678,0.735,XRP,0
2021-01-30 17:00:50,148,0.489,0.260,0.426,0.324,0.276,0.347,0.005,0.006,-0.998,-0.068,0.000,1.000,XRP,0
2021-01-30 17:01:15,148,-0.011,0.070,-0.017,-0.047,0.047,0.114,0.004,0.004,-0.998,-0.068,0.106,0.994,XRP,0
2021-01-30 17:01:40,148,-0.051,0.042,-0.036,-0.013,0.013,0.020,0.003,0.004,-0.998,-0.068,0.106,0.994,XRP,0
2021-01-30 18:02:55,150,1.443,0.649,1.194,0.948,0.543,1.521,-0.005,-0.003,-0.979,0.203,0.211,0.977,XRP,0
2021-01-30 18:03:20,150,0.012,0.124,0.023,0.022,0.093,0.265,-0.004,-0.004,-0.979,0.203,0.314,0.949,XRP,0
2021-01-30 18:03:45,150,0.035,0.183,0.045,0.264,0.316,0.276,-0.006,-0.005,-0.979,0.203,0.314,0.949,XRP,0
2021-01-30 20:14:10,151,0.005,0.065,-0.000,-0.009,0.078,0.036,-0.003,-0.003,-0.731,0.683,0.997,0.080,XRP,0
2021-01-30 20:14:35,151,0.007,-0.013,-0.011,-0.033,0.024,-0.005,-0.003,-0.003,-0.731,0.683,0.997,0.080,XRP,0
2021-01-30 20:15:00,151,-0.022,0.075,-0.029,-0.008,0.084,-0.057,-0.002,-0.002,-0.731,0.683,1.000,-0.027,XRP,0
2021-01-30 23:00:50,152,-0.055,0.086,-0.171,0.173,0.196,0.265,0.002,0.002,-0.000,1.000,0.000,1.000,XRP,0
2021-01-30 23:01:15,152,0.632,0.089,1.017,0.855,0.206,0.441,0.002,0.003,-0.000,1.000,0.106,0.994,XRP,0
2021-01-30 23:01:40,152,0.093,0.073,0.120,0.059,0.076,0.102,0.001,0.002,-0.000,1.000,0.106,0.994,XRP,0
2021-01-30 23:20:50,153,-0.139,0.054,-0.191,-0.132,0.061,0.091,-0.006,-0.005,-0.000,1.000,0.848,-0.530,XRP,0
2021-01-30 23:21:15,153,0.075,-0.028,0.087,-0.024,-0.096,-0.005,-0.006,-0.006,-0.000,1.000,0.787,-0.618,XRP,0
2021-01-30 23:21:40,153,0.080,-0.023,0.048,0.016,-0.005,-0.055,-0.006,-0.006,-0.000,1.000,0.787,-0.618,XRP,0
2021-02-01 04:20:00,154,0.115,0.252,0.135,0.162,0.314,0.620,0.003,0.004,0.888,0.460,0.848,-0.530,XRP,0
2021-02-01 04:20:25,154,0.005,0.096,0.009,-0.004,0.052,0.171,0.004,0.004,0.888,0.460,0.848,-0.530,XRP,0
2021-02-01 04:20:50,154,-0.017,0.073,-0.011,-0.014,0.097,0.083,0.004,0.005,0.888,0.460,0.848,-0.530,XRP,0
2021-02-01 12:00:00,161,-0.003,-0.003,0.001,-0.005,-0.003,0.350,-0.009,-0.007,-0.136,-0.991,0.000,1.000,XRP,0
2021-02-01 12:00:25,161,-0.166,-0.075,-0.147,-0.038,-0.011,0.146,-0.011,-0.010,-0.136,-0.991,0.000,1.000,XRP,0
2021-02-01 12:00:50,161,-0.017,-0.014,-0.028,0.045,0.034,0.066,-0.009,-0.009,-0.136,-0.991,0.000,1.000,XRP,0
2021-02-01 12:02:05,162,-0.240,0.075,-0.234,-0.143,0.074,-0.216,-0.007,-0.006,-0.136,-0.991,0.211,0.977,XRP,0
2021-02-01 12:02:30,162,-0.045,0.028,-0.085,-0.111,0.042,-0.184,-0.004,-0.005,-0.136,-0.991,0.211,0.977,XRP,0
2021-02-01 12:02:55,162,-0.058,0.016,-0.056,-0.130,0.013,-0.169,-0.004,-0.003,-0.136,-0.991,0.211,0.977,XRP,0
2021-02-01 12:05:00,163,0.016,-0.005,0.042,0.025,-0.007,-0.201,0.007,0.007,-0.136,-0.991,0.508,0.862,XRP,0
2021-02-01 12:05:25,163,0.070,-0.058,0.008,-0.239,-0.092,-0.250,0.006,0.006,-0.136,-0.991,0.508,0.862,XRP,0
2021-02-01 12:05:50,163,-0.008,-0.032,-0.014,-0.013,-0.065,0.006,0.004,0.004,-0.136,-0.991,0.508,0.862,XRP,0
2021-02-01 12:10:00,164,-0.016,0.057,0.001,-0.014,0.013,0.090,-0.004,-0.004,-0.136,-0.991,0.875,0.485,XRP,0
2021-02-01 12:10:25,164,-0.001,0.001,-0.002,-0.001,0.002,-0.086,-0.003,-0.003,-0.136,-0.991,0.875,0.485,XRP,0
2021-02-01 12:10:50,164,0.036,-0.009,0.036,-0.027,0.015,-0.138,-0.002,-0.002,-0.136,-0.991,0.875,0.485,XRP,0
2021-02-01 12:19:10,167,-0.228,-0.048,-0.303,-0.299,-0.090,0.066,-0.001,-0.001,-0.136,-0.991,0.899,-0.437,XRP,0
2021-02-01 12:19:35,167,-0.051,-0.039,-0.032,0.001,-0.010,0.011,-0.000,-0.001,-0.136,-0.991,0.899,-0.437,XRP,0
2021-02-01 12:20:00,167,-0.019,-0.023,-0.012,-0.057,-0.038,-0.001,-0.002,-0.002,-0.136,-0.991,0.848,-0.530,XRP,0
2021-02-01 12:20:00,168,-0.049,0.027,-0.083,-0.016,0.014,-0.016,-0.002,-0.002,-0.136,-0.991,0.848,-0.530,XRP,0
2021-02-01 12:20:25,168,-0.040,-0.030,-0.038,-0.420,-0.056,-0.067,-0.002,-0.002,-0.136,-0.991,0.848,-0.530,XRP,0
2021-02-01 12:20:50,168,-0.011,0.020,-0.007,0.035,0.035,0.010,0.000,0.000,-0.136,-0.991,0.848,-0.530,XRP,0
2021-02-01 12:52:05,169,-0.045,0.027,-0.094,-0.068,0.034,-0.012,-0.005,-0.005,-0.136,-0.991,-0.678,0.735,XRP,0
2021-02-01 12:52:30,169,-0.045,0.026,-0.021,0.004,-0.002,-0.014,-0.005,-0.005,-0.136,-0.991,-0.678,0.735,XRP,0
2021-02-01 12:52:55,169,-0.038,0.017,-0.030,-0.010,0.025,-0.143,-0.005,-0.005,-0.136,-0.991,-0.678,0.735,XRP,0
2021-02-01 12:59:10,170,0.005,0.054,0.011,0.097,0.134,0.138,-0.003,-0.003,-0.136,-0.991,-0.000,1.000,XRP,0
2021-02-01 12:59:35,170,-0.011,0.047,-0.008,0.018,0.133,0.039,-0.003,-0.003,-0.136,-0.991,-0.000,1.000,XRP,0
2021-02-01 13:00:00,170,-0.005,0.061,0.016,0.181,0.219,-0.043,-0.003,-0.002,-0.398,-0.917,0.000,1.000,XRP,0
2021-02-01 13:30:50,173,0.015,0.212,-0.025,-0.041,0.159,0.284,0.006,0.007,-0.398,-0.917,-0.053,-0.999,XRP,0
2021-02-01 13:31:15,173,0.035,0.126,-0.001,-0.016,0.068,0.023,-0.001,0.003,-0.398,-0.917,-0.159,-0.987,XRP,0
2021-02-01 13:31:40,173,0.080,0.143,0.058,0.028,0.115,0.570,-0.008,-0.005,-0.398,-0.917,-0.159,-0.987,XRP,0
2021-02-01 13:32:05,174,-0.033,0.104,-0.030,-0.059,0.089,0.196,-0.008,-0.007,-0.398,-0.917,-0.263,-0.965,XRP,0
2021-02-01 13:32:30,174,-0.076,0.078,-0.082,-0.068,0.036,0.225,-0.011,-0.009,-0.398,-0.917,-0.263,-0.965,XRP,0
2021-02-01 13:32:55,174,-0.045,0.158,-0.048,-0.053,0.142,0.174,-0.014,-0.012,-0.398,-0.917,-0.263,-0.965,XRP,0
2021-02-01 13:32:55,175,-0.089,0.172,-0.104,-0.104,0.162,0.174,-0.014,-0.012,-0.398,-0.917,-0.263,-0.965,XRP,0
2021-02-01 13:33:20,175,-0.234,0.048,-0.218,-0.175,0.079,0.077,-0.013,-0.012,-0.398,-0.917,-0.364,-0.931,XRP,0
2021-02-01 13:39:10,176,-0.373,-0.075,-0.293,-0.211,-0.041,0.028,-0.001,-0.002,-0.398,-0.917,-0.848,-0.530,XRP,0
2021-02-01 13:39:35,176,0.104,-0.032,0.041,-0.045,0.015,0.112,-0.002,-0.002,-0.398,-0.917,-0.848,-0.530,XRP,0
2021-02-01 13:40:00,176,-0.015,0.017,-0.007,0.007,-0.004,0.079,-0.005,-0.005,-0.398,-0.917,-0.899,-0.437,XRP,0
2021-02-01 13:40:50,177,0.000,0.169,-0.091,-0.338,0.091,0.059,-0.012,-0.012,-0.398,-0.917,-0.899,-0.437,XRP,0
2021-02-01 13:41:15,177,-0.006,0.037,0.032,-0.023,0.013,-0.035,-0.009,-0.009,-0.398,-0.917,-0.941,-0.339,XRP,0
2021-02-01 13:41:40,177,-0.052,0.057,-0.074,0.012,-0.001,-0.047,-0.009,-0.008,-0.398,-0.917,-0.941,-0.339,XRP,0
2021-02-01 13:44:10,178,-0.167,0.018,-0.214,0.082,0.051,0.076,-0.013,-0.014,-0.398,-0.917,-1.000,-0.027,XRP,0
2021-02-01 13:44:35,178,-0.050,-0.038,0.074,0.000,-0.030,0.234,-0.012,-0.011,-0.398,-0.917,-1.000,-0.027,XRP,0
2021-02-01 13:45:00,178,-0.370,-0.025,-0.339,0.156,0.035,0.055,-0.009,-0.006,-0.398,-0.917,-0.997,0.080,XRP,0
2021-02-01 13:45:00,179,0.032,0.016,-0.050,0.011,0.081,0.055,-0.009,-0.006,-0.398,-0.917,-0.997,0.080,XRP,0
2021-02-01 13:45:25,179,0.090,0.017,0.109,0.517,0.095,-0.082,-0.006,-0.005,-0.398,-0.917,-0.997,0.080,XRP,0
2021-02-01 13:45:50,179,0.123,0.014,0.350,0.083,0.111,-0.055,-0.002,-0.001,-0.398,-0.917,-0.997,0.080,XRP,0
2021-02-01 13:45:50,180,-0.582,0.098,-0.579,-0.142,0.164,-0.038,-0.002,0.001,-0.398,-0.917,-0.997,0.080,XRP,0
2021-02-01 13:46:15,180,0.335,-0.029,0.448,-0.005,0.001,-0.100,-0.005,-0.004,-0.398,-0.917,-0.983,0.185,XRP,0
2021-02-01 13:46:40,180,-0.027,0.012,-0.004,-0.009,0.003,-0.164,-0.006,-0.005,-0.398,-0.917,-0.983,0.185,XRP,0
2021-02-01 13:47:05,181,0.222,-0.019,0.117,-0.036,0.010,-0.076,-0.002,-0.003,-0.398,-0.917,-0.957,0.289,XRP,0
2021-02-01 13:47:30,181,0.106,-0.049,0.121,0.153,-0.054,0.016,0.001,-0.001,-0.398,-0.917,-0.957,0.289,XRP,0
2021-02-01 13:47:55,181,0.011,-0.045,0.037,0.049,-0.045,-0.002,0.002,0.002,-0.398,-0.917,-0.957,0.289,XRP,0
2021-02-01 13:49:10,182,0.019,-0.077,0.013,0.015,-0.060,-0.431,0.006,0.004,-0.398,-0.917,-0.875,0.485,XRP,0
2021-02-01 13:49:35,182,-0.113,-0.079,-0.092,-0.199,-0.096,0.125,0.004,0.003,-0.398,-0.917,-0.875,0.485,XRP,0
2021-02-01 13:50:00,182,-0.295,-0.092,-0.333,-0.297,-0.128,0.159,0.001,-0.001,-0.398,-0.917,-0.818,0.575,XRP,0
2021-02-01 14:00:50,183,-0.377,0.082,-0.464,-0.343,0.088,0.262,-0.002,-0.001,-0.631,-0.776,0.000,1.000,XRP,0
2021-02-01 14:01:15,183,-0.006,0.001,0.060,-0.150,0.029,0.029,-0.000,-0.000,-0.631,-0.776,0.106,0.994,XRP,0
2021-02-01 14:01:40,183,0.177,-0.052,0.164,0.117,-0.073,0.085,-0.002,-0.001,-0.631,-0.776,0.106,0.994,XRP,0
2021-02-01 14:09:10,184,0.004,0.082,0.026,0.055,0.115,0.068,-0.005,-0.005,-0.631,-0.776,0.818,0.575,XRP,0
2021-02-01 14:09:35,184,0.007,-0.007,-0.006,-0.000,0.000,0.010,-0.006,-0.006,-0.631,-0.776,0.818,0.575,XRP,0
2021-02-01 14:10:00,184,-0.040,0.054,-0.044,-0.015,0.040,-0.034,-0.007,-0.006,-0.631,-0.776,0.875,0.485,XRP,0
2021-02-01 14:10:50,185,-0.142,0.117,-0.152,-0.104,0.110,0.011,-0.009,-0.009,-0.631,-0.776,0.875,0.485,XRP,0
2021-02-01 14:11:15,185,0.008,0.119,0.068,-0.022,0.124,0.004,-0.011,-0.010,-0.631,-0.776,0.921,0.389,XRP,0
2021-02-01 14:11:40,185,-0.088,0.111,-0.091,-0.190,0.099,-0.183,-0.009,-0.007,-0.631,-0.776,0.921,0.389,XRP,0
2021-02-01 17:00:00,186,0.013,0.208,0.009,0.002,0.208,0.088,-0.005,-0.004,-0.998,-0.068,0.000,1.000,XRP,0
2021-02-01 17:00:25,186,-0.029,0.074,-0.034,-0.041,0.116,0.016,-0.005,-0.005,-0.998,-0.068,0.000,1.000,XRP,0
2021-02-01 17:00:50,186,-0.040,0.093,-0.043,-0.027,0.118,-0.014,-0.005,-0.004,-0.998,-0.068,0.000,1.000,XRP,0
2021-02-01 17:22:55,187,0.428,0.308,0.556,0.764,0.444,0.332,-0.003,-0.001,-0.998,-0.068,0.716,-0.698,XRP,0
2021-02-01 17:23:20,187,-0.023,0.062,-0.022,0.006,0.157,0.106,-0.003,-0.003,-0.998,-0.068,0.638,-0.770,XRP,0
2021-02-01 17:23:45,187,-0.000,0.023,0.003,0.000,-0.000,0.098,-0.002,-0.002,-0.998,-0.068,0.638,-0.770,XRP,0
2021-02-10 12:40:00,190,0.264,0.140,0.558,1.099,0.242,0.122,-0.007,-0.006,-0.136,-0.991,-0.899,-0.437,XRP,0
2021-02-10 12:40:25,190,0.018,0.079,0.002,-0.025,0.051,0.053,-0.009,-0.008,-0.136,-0.991,-0.899,-0.437,XRP,0
2021-02-10 12:40:50,190,-0.068,0.072,-0.021,0.031,0.118,-0.042,-0.008,-0.007,-0.136,-0.991,-0.899,-0.437,XRP,0
2021-02-10 12:42:05,191,-0.099,0.029,-0.078,-0.050,0.025,-0.140,-0.002,-0.002,-0.136,-0.991,-0.971,-0.237,XRP,0
2021-02-10 12:42:30,191,0.033,-0.009,0.014,0.038,-0.032,-0.102,-0.001,-0.001,-0.136,-0.991,-0.971,-0.237,XRP,0
2021-02-10 12:42:55,191,-0.069,0.012,-0.018,-0.061,0.029,0.036,0.000,-0.000,-0.136,-0.991,-0.971,-0.237,XRP,0
2021-02-20 22:32:55,192,0.158,0.355,0.136,0.204,0.339,0.285,-0.004,-0.004,-0.270,0.963,-0.263,-0.965,XRP,0
2021-02-20 22:33:20,192,0.010,0.206,0.068,0.045,0.241,0.022,-0.003,-0.003,-0.270,0.963,-0.364,-0.931,XRP,0
2021-02-20 22:33:45,192,-0.059,0.093,-0.061,-0.065,0.085,-0.022,-0.003,-0.003,-0.270,0.963,-0.364,-0.931,XRP,0
2021-02-20 22:39:10,193,0.397,0.247,0.360,0.453,0.332,0.332,-0.005,-0.004,-0.270,0.963,-0.848,-0.530,XRP,0
2021-02-20 22:39:35,193,0.118,0.143,0.151,0.195,0.233,0.014,-0.004,-0.002,-0.270,0.963,-0.848,-0.530,XRP,0
2021-02-20 22:40:00,193,-0.041,0.056,-0.035,-0.010,0.144,-0.056,-0.003,-0.002,-0.270,0.963,-0.899,-0.437,XRP,0
2021-02-22 06:00:50,194,-0.244,0.084,-0.292,-0.185,0.083,0.009,-0.000,0.000,0.998,-0.068,0.000,1.000,XRP,0
2021-02-22 06:01:15,194,-0.045,0.021,-0.013,-0.022,0.008,0.226,-0.001,-0.000,0.998,-0.068,0.106,0.994,XRP,0
2021-02-22 06:01:40,194,0.470,0.101,0.647,-0.002,0.051,0.272,-0.002,-0.002,0.998,-0.068,0.106,0.994,XRP,0
2021-02-22 14:10:00,195,0.160,0.263,0.148,0.059,0.226,0.171,-0.004,-0.004,-0.631,-0.776,0.875,0.485,XRP,0
2021-02-22 14:10:25,195,0.007,0.115,-0.001,0.025,0.088,0.017,-0.003,-0.003,-0.631,-0.776,0.875,0.485,XRP,0
2021-02-22 14:10:50,195,-0.017,0.013,-0.021,-0.001,0.001,-0.025,-0.003,-0.003,-0.631,-0.776,0.875,0.485,XRP,0
2021-02-23 09:00:00,197,0.045,0.057,-0.051,0.063,0.037,0.316,-0.006,-0.005,0.631,-0.776,0.000,1.000,XRP,0
2021-02-23 09:00:25,197,-0.008,-0.034,-0.035,-0.092,-0.016,-0.006,-0.004,-0.005,0.631,-0.776,0.000,1.000,XRP,0
2021-02-23 09:00:50,197,-0.168,-0.047,-0.168,0.036,0.023,-0.037,-0.003,-0.003,0.631,-0.776,0.000,1.000,XRP,0
2021-02-23 09:12:05,198,0.124,0.175,0.198,0.610,0.176,0.189,-0.008,-0.006,0.631,-0.776,0.957,0.289,XRP,0
2021-02-23 09:12:30,198,-0.001,-0.002,-0.010,0.026,0.045,0.025,-0.004,-0.005,0.631,-0.776,0.957,0.289,XRP,0
2021-02-23 09:12:55,198,-0.017,-0.029,0.001,-0.000,-0.001,-0.026,-0.002,-0.002,0.631,-0.776,0.957,0.289,XRP,0
2021-02-23 09:14:10,199,0.059,-0.022,0.091,0.005,-0.009,0.028,0.001,-0.002,0.631,-0.776,0.997,0.080,XRP,0
2021-02-23 09:14:35,199,-0.043,0.034,-0.064,0.060,0.095,0.053,0.001,0.001,0.631,-0.776,0.997,0.080,XRP,0
2021-02-23 09:15:00,199,-0.009,0.007,-0.018,-0.112,0.047,0.042,0.003,0.003,0.631,-0.776,1.000,-0.027,XRP,0
2021-03-24 22:17:55,200,0.015,0.230,-0.045,-0.056,0.134,0.338,-0.006,-0.005,-0.270,0.963,0.971,-0.237,XRP,0
2021-03-24 22:18:20,200,-0.067,0.084,-0.085,-0.070,0.129,0.183,-0.007,-0.007,-0.270,0.963,0.941,-0.339,XRP,0
2021-03-24 22:18:45,200,-0.077,0.088,-0.104,-0.094,0.102,0.093,-0.007,-0.007,-0.270,0.963,0.941,-0.339,XRP,0
2021-03-31 03:02:05,201,0.063,0.365,0.070,0.084,0.407,0.315,-0.006,-0.005,0.731,0.683,0.211,0.977,XRP,0
2021-03-31 03:02:30,201,0.011,0.237,0.005,-0.016,0.166,0.064,-0.005,-0.004,0.731,0.683,0.211,0.977,XRP,0
2021-03-31 03:02:55,201,-0.035,0.091,-0.035,-0.032,0.083,0.000,-0.004,-0.004,0.731,0.683,0.211,0.977,XRP,0
2021-04-07 06:55:50,202,0.104,0.410,0.095,0.369,0.534,0.371,-0.005,-0.004,0.998,-0.068,-0.413,0.911,XRP,0
2021-04-07 06:56:15,202,0.258,0.486,0.312,0.265,0.402,0.424,-0.008,-0.007,0.998,-0.068,-0.314,0.949,XRP,0
2021-04-07 06:56:40,202,-0.003,0.194,0.002,0.004,0.194,0.108,-0.007,-0.006,0.998,-0.068,-0.314,0.949,XRP,0
2021-04-18 03:34:10,205,-0.033,0.030,0.003,0.013,0.029,0.152,-0.010,-0.009,0.731,0.683,-0.461,-0.887,XRP,0
2021-04-18 03:34:35,205,-0.024,0.021,-0.012,-0.007,0.012,0.151,-0.011,-0.009,0.731,0.683,-0.461,-0.887,XRP,0
2021-04-18 03:35:00,205,0.000,0.028,0.010,0.004,0.073,0.121,-0.012,-0.010,0.731,0.683,-0.553,-0.833,XRP,0
2021-04-18 03:35:00,206,-0.072,0.067,-0.061,-0.010,0.091,0.124,-0.012,-0.010,0.731,0.683,-0.553,-0.833,XRP,0
2021-04-18 03:35:25,206,-0.030,0.022,-0.067,-0.012,0.053,0.029,-0.012,-0.010,0.731,0.683,-0.553,-0.833,XRP,0
2021-04-18 03:35:50,206,-0.068,0.048,-0.158,-0.044,0.045,-0.016,-0.012,-0.011,0.731,0.683,-0.553,-0.833,XRP,0
2021-04-23 01:50:50,208,-0.107,0.162,-0.157,0.057,0.213,0.128,-0.006,-0.006,0.270,0.963,-0.818,0.575,XRP,0
2021-04-23 01:51:15,208,0.124,0.054,0.130,0.167,0.065,-0.025,-0.004,-0.004,0.270,0.963,-0.753,0.659,XRP,0
2021-04-23 01:51:40,208,0.071,0.080,0.052,-0.038,0.066,-0.074,-0.003,-0.002,0.270,0.963,-0.753,0.659,XRP,0
2021-04-23 01:52:05,209,-0.060,0.039,-0.074,-0.067,0.048,-0.157,-0.003,-0.003,0.270,0.963,-0.678,0.735,XRP,0
2021-04-23 01:52:30,209,-0.011,0.009,-0.016,-0.000,-0.002,-0.178,-0.003,-0.003,0.270,0.963,-0.678,0.735,XRP,0
2021-04-23 01:52:55,209,0.027,0.048,0.002,-0.061,0.045,-0.118,-0.002,-0.002,0.270,0.963,-0.678,0.735,XRP,0
2021-04-23 02:25:50,210,-0.161,0.116,-0.262,-0.204,0.091,0.217,-0.008,-0.007,0.520,0.854,0.461,-0.887,XRP,0
2021-04-23 02:26:15,210,-0.013,0.040,0.129,0.196,0.079,0.016,-0.006,-0.003,0.520,0.854,0.364,-0.931,XRP,0
2021-04-23 02:26:40,210,0.045,0.072,0.057,0.086,0.047,-0.039,-0.003,-0.000,0.520,0.854,0.364,-0.931,XRP,0
2021-04-23 02:27:05,211,0.091,0.128,0.115,0.080,0.133,-0.044,-0.001,0.000,0.520,0.854,0.263,-0.965,XRP,0
2021-04-23 02:27:30,211,0.030,0.063,-0.048,-0.045,0.024,-0.015,-0.000,0.000,0.520,0.854,0.263,-0.965,XRP,0
2021-04-23 02:27:55,211,0.020,0.047,-0.068,-0.056,0.023,-0.050,-0.001,-0.001,0.520,0.854,0.263,-0.965,XRP,0
2021-05-10 20:04:10,218,0.065,-0.040,0.121,0.022,-0.025,0.370,-0.006,-0.006,-0.731,0.683,0.413,0.911,XRP,0
2021-05-19 11:27:55,222,-0.112,0.081,-0.144,0.013,0.153,0.189,-0.007,-0.006,0.136,-0.991,0.263,-0.965,XRP,0
2021-05-19 11:28:20,222,0.032,0.062,0.023,0.053,0.104,0.132,-0.007,-0.006,0.136,-0.991,0.159,-0.987,XRP,0
2021-05-19 11:28:45,222,0.127,0.037,0.505,0.468,0.122,-0.030,-0.003,0.000,0.136,-0.991,0.159,-0.987,XRP,0
2021-05-19 11:30:50,223,-0.202,0.152,-0.191,-0.271,0.121,0.265,-0.010,-0.009,0.136,-0.991,-0.053,-0.999,XRP,0
2021-05-19 11:31:15,223,-0.039,-0.045,0.002,0.004,0.014,0.290,-0.009,-0.011,0.136,-0.991,-0.159,-0.987,XRP,0
2021-05-19 11:31:40,223,0.039,-0.045,0.050,0.065,-0.034,0.204,-0.009,-0.008,0.136,-0.991,-0.159,-0.987,XRP,0
2021-05-19 11:32:05,224,-0.029,0.013,-0.046,0.002,-0.005,0.144,-0.009,-0.009,0.136,-0.991,-0.263,-0.965,XRP,0
2021-05-19 11:32:30,224,0.010,-0.035,0.033,0.032,-0.040,0.104,-0.010,-0.011,0.136,-0.991,-0.263,-0.965,XRP,0
2021-05-19 11:32:55,224,-0.126,-0.036,-0.153,-0.263,-0.043,-0.080,-0.010,-0.011,0.136,-0.991,-0.263,-0.965,XRP,0
2021-05-19 11:34:10,225,-0.027,0.009,-0.005,0.071,-0.012,-0.224,-0.005,-0.006,0.136,-0.991,-0.461,-0.887,XRP,0
2021-05-19 11:34:35,225,-0.052,-0.025,-0.018,0.025,-0.014,0.031,0.001,0.000,0.136,-0.991,-0.461,-0.887,XRP,0
2021-05-19 11:35:00,225,-0.503,-0.069,-0.187,-0.060,-0.014,0.196,0.006,0.007,0.136,-0.991,-0.553,-0.833,XRP,0
2021-05-19 12:42:55,227,-0.109,0.107,-0.046,0.021,0.149,0.432,-0.007,-0.006,-0.136,-0.991,-0.971,-0.237,XRP,0
2021-05-19 12:43:20,227,0.173,0.097,0.090,0.258,0.113,0.280,-0.008,-0.008,-0.136,-0.991,-0.991,-0.133,XRP,0
2021-05-19 12:43:45,227,0.080,0.107,0.114,0.151,0.143,0.138,-0.009,-0.008,-0.136,-0.991,-0.991,-0.133,XRP,0
2021-05-19 12:44:10,228,0.094,0.097,0.124,0.273,0.113,-0.034,-0.007,-0.006,-0.136,-0.991,-1.000,-0.027,XRP,0
2021-05-19 12:44:35,228,-0.113,0.080,-0.088,-0.083,0.076,-0.069,-0.008,-0.005,-0.136,-0.991,-1.000,-0.027,XRP,0
2021-05-19 12:45:00,228,-0.032,0.091,0.226,0.239,0.181,-0.075,-0.008,-0.006,-0.136,-0.991,-0.997,0.080,XRP,0
2021-05-19 12:45:50,229,-0.484,0.079,-0.397,-0.256,0.090,-0.231,-0.004,-0.003,-0.136,-0.991,-0.997,0.080,XRP,0
2021-05-19 12:46:15,229,0.143,-0.019,0.084,-0.064,0.019,-0.306,-0.004,-0.004,-0.136,-0.991,-0.983,0.185,XRP,0
2021-05-19 12:46:40,229,0.177,-0.050,0.112,-0.026,0.008,-0.268,-0.002,-0.003,-0.136,-0.991,-0.983,0.185,XRP,0
2021-05-19 12:47:55,230,-0.017,0.040,-0.041,-0.013,0.006,0.550,-0.002,-0.001,-0.136,-0.991,-0.957,0.289,XRP,0
2021-05-19 12:48:20,230,-0.120,-0.064,-0.016,-0.048,-0.037,0.607,-0.007,-0.007,-0.136,-0.991,-0.921,0.389,XRP,0
2021-05-19 12:48:45,230,-0.039,-0.036,-0.015,-0.005,0.004,0.254,-0.007,-0.009,-0.136,-0.991,-0.921,0.389,XRP,0
2021-05-19 12:49:10,231,-0.316,-0.057,-0.314,-0.357,-0.067,0.176,-0.006,-0.008,-0.136,-0.991,-0.875,0.485,XRP,0
2021-05-19 12:49:35,231,0.190,0.025,-0.167,0.030,0.003,0.058,-0.008,-0.010,-0.136,-0.991,-0.875,0.485,XRP,0
2021-05-19 12:50:00,231,0.010,-0.038,-0.012,0.005,-0.015,0.049,-0.011,-0.010,-0.136,-0.991,-0.818,0.575,XRP,0
2021-05-19 12:50:50,232,0.038,0.198,0.056,0.574,0.292,-0.047,-0.013,-0.012,-0.136,-0.991,-0.818,0.575,XRP,0
2021-05-19 12:51:15,232,-0.061,0.068,-0.079,-0.049,0.058,-0.148,-0.014,-0.013,-0.136,-0.991,-0.753,0.659,XRP,0
2021-05-19 12:51:40,232,0.033,0.095,0.076,-0.034,0.061,-0.049,-0.016,-0.014,-0.136,-0.991,-0.753,0.659,XRP,0
2021-05-19 12:52:05,233,-0.020,0.019,-0.014,-0.074,0.047,-0.114,-0.009,-0.009,-0.136,-0.991,-0.678,0.735,XRP,0
2021-05-19 12:52:30,233,-0.054,0.043,-0.054,-0.021,0.014,-0.047,-0.007,-0.005,-0.136,-0.991,-0.678,0.735,XRP,0
2021-05-19 12:52:55,233,-0.010,0.002,-0.099,-0.011,0.005,-0.043,-0.008,-0.005,-0.136,-0.991,-0.678,0.735,XRP,0
2021-05-19 12:54:10,234,-0.052,0.011,0.070,0.015,-0.007,0.115,-0.013,-0.013,-0.136,-0.991,-0.508,0.862,XRP,0
2021-05-19 12:54:35,234,0.016,-0.017,0.036,-0.021,-0.026,0.151,-0.013,-0.012,-0.136,-0.991,-0.508,0.862,XRP,0
2021-05-19 12:55:00,234,-0.177,-0.033,-0.114,-0.531,-0.102,0.061,-0.014,-0.012,-0.136,-0.991,-0.413,0.911,XRP,0
2021-05-19 12:55:00,235,0.053,0.028,0.087,-0.337,-0.056,0.067,-0.014,-0.012,-0.136,-0.991,-0.413,0.911,XRP,0
2021-05-19 12:55:25,235,-0.006,-0.023,0.016,0.015,-0.034,0.043,-0.014,-0.013,-0.136,-0.991,-0.413,0.911,XRP,0
2021-05-19 12:55:50,235,0.121,0.013,0.323,0.487,0.054,-0.021,-0.005,0.002,-0.136,-0.991,-0.413,0.911,XRP,0
2021-05-19 12:57:05,236,-0.082,0.024,-0.010,-0.051,0.025,0.141,0.005,0.004,-0.136,-0.991,-0.211,0.977,XRP,0
2021-05-19 12:57:30,236,-0.003,0.003,-0.019,-0.029,0.010,0.198,0.010,0.011,-0.136,-0.991,-0.211,0.977,XRP,0
2021-05-19 12:57:55,236,-0.070,0.026,-0.023,-0.016,0.010,0.150,0.015,0.018,-0.136,-0.991,-0.211,0.977,XRP,0
2021-05-19 12:57:55,237,-0.239,0.065,-0.171,-0.130,0.049,0.149,0.015,0.019,-0.136,-0.991,-0.211,0.977,XRP,0
2021-05-19 12:58:20,237,-0.016,0.003,-0.051,-0.041,0.010,0.065,0.016,0.017,-0.136,-0.991,-0.106,0.994,XRP,0
2021-05-19 12:58:45,237,0.034,-0.009,-0.017,0.011,-0.022,0.003,0.019,0.019,-0.136,-0.991,-0.106,0.994,XRP,0
2021-05-19 13:00:50,238,-0.467,0.075,-0.380,-0.324,0.032,-0.171,0.003,0.002,-0.398,-0.917,0.000,1.000,XRP,0
2021-05-19 13:01:15,238,0.124,0.022,0.081,-0.015,-0.029,-0.092,0.001,-0.001,-0.398,-0.917,0.106,0.994,XRP,0
2021-05-19 13:01:40,238,0.055,-0.042,0.053,0.249,-0.044,0.048,-0.001,-0.004,-0.398,-0.917,0.106,0.994,XRP,0
2021-05-19 13:02:55,239,-0.270,0.039,-0.277,-0.103,0.022,0.484,-0.012,-0.010,-0.398,-0.917,0.211,0.977,XRP,0
2021-05-19 13:03:20,239,0.095,0.010,0.441,0.416,0.063,0.141,-0.011,-0.006,-0.398,-0.917,0.314,0.949,XRP,0
2021-05-19 13:03:45,239,0.142,0.063,-0.027,0.126,0.057,-0.062,-0.009,-0.006,-0.398,-0.917,0.314,0.949,XRP,0
2021-05-19 13:05:00,240,-0.091,0.017,-0.031,-0.130,0.039,-0.051,-0.003,-0.003,-0.398,-0.917,0.508,0.862,XRP,0
2021-05-19 13:05:25,240,0.026,-0.059,0.040,0.036,-0.017,-0.077,-0.004,-0.004,-0.398,-0.917,0.508,0.862,XRP,0
2021-05-19 13:05:50,240,-0.035,0.015,-0.001,-0.058,0.072,-0.102,-0.006,-0.003,-0.398,-0.917,0.508,0.862,XRP,0
2021-05-19 13:05:50,241,-0.324,0.081,-0.239,-0.233,0.118,-0.103,-0.006,-0.003,-0.398,-0.917,0.508,0.862,XRP,0
2021-05-19 13:06:15,241,0.002,-0.002,-0.001,0.043,0.034,-0.216,-0.004,-0.002,-0.398,-0.917,0.596,0.803,XRP,0
2021-05-19 13:06:40,241,-0.004,-0.008,0.035,0.032,-0.036,-0.141,-0.002,-0.004,-0.398,-0.917,0.596,0.803,XRP,0
2021-05-19 13:09:10,242,0.119,-0.016,0.074,0.032,-0.015,0.289,-0.009,-0.009,-0.398,-0.917,0.818,0.575,XRP,0
2021-05-19 13:09:35,242,-0.020,0.003,-0.031,0.097,-0.027,0.195,-0.010,-0.009,-0.398,-0.917,0.818,0.575,XRP,0
2021-05-19 13:10:00,242,0.096,0.030,-0.038,-0.047,-0.011,0.186,-0.009,-0.011,-0.398,-0.917,0.875,0.485,XRP,0
2021-05-19 13:10:00,243,-0.040,0.066,0.110,0.092,0.046,0.192,-0.009,-0.011,-0.398,-0.917,0.875,0.485,XRP,0
2021-05-19 13:10:25,243,0.039,0.024,0.029,-0.208,-0.043,0.058,-0.011,-0.014,-0.398,-0.917,0.875,0.485,XRP,0
2021-05-19 13:10:50,243,0.343,0.066,0.572,0.538,0.096,-0.091,-0.007,-0.005,-0.398,-0.917,0.875,0.485,XRP,0
2021-05-19 13:12:05,244,0.002,-0.001,-0.028,-0.037,0.052,0.062,0.002,0.003,-0.398,-0.917,0.957,0.289,XRP,0
2021-05-19 13:12:30,244,0.126,-0.042,0.094,0.120,-0.039,0.101,0.004,0.002,-0.398,-0.917,0.957,0.289,XRP,0
2021-05-19 13:12:55,244,0.018,-0.013,0.006,0.011,-0.007,0.057,0.005,0.005,-0.398,-0.917,0.957,0.289,XRP,0
2021-05-19 13:15:00,245,-0.026,-0.069,-0.014,-0.009,-0.014,-0.234,0.006,0.005,-0.398,-0.917,1.000,-0.027,XRP,0
2021-05-19 13:15:25,245,-0.235,-0.112,-0.239,-0.245,-0.117,0.064,0.003,0.001,-0.398,-0.917,1.000,-0.027,XRP,0
2021-05-19 13:15:50,245,-0.720,-0.118,-0.690,-0.039,-0.018,0.168,0.003,0.003,-0.398,-0.917,1.000,-0.027,XRP,0
2021-05-19 13:19:10,246,-0.166,0.028,-0.018,0.007,-0.022,0.086,0.010,0.010,-0.398,-0.917,0.899,-0.437,XRP,0
2021-05-19 13:19:35,246,0.188,-0.009,-0.073,-0.085,0.046,0.049,0.011,0.011,-0.398,-0.917,0.899,-0.437,XRP,0
2021-05-19 13:20:00,246,0.023,0.018,-0.030,0.071,0.036,0.048,0.012,0.011,-0.398,-0.917,0.848,-0.530,XRP,0
2021-05-19 13:22:05,247,0.087,0.063,-0.077,-0.005,0.057,-0.144,0.003,0.004,-0.398,-0.917,0.716,-0.698,XRP,0
2021-05-19 13:22:30,247,0.003,-0.001,0.071,-0.049,0.040,-0.109,0.002,0.002,-0.398,-0.917,0.716,-0.698,XRP,0
2021-05-19 13:22:55,247,0.002,-0.003,0.034,-0.005,0.032,0.020,-0.000,0.001,-0.398,-0.917,0.716,-0.698,XRP,0
2021-05-19 13:47:05,248,-0.149,0.040,-0.087,-0.064,0.022,0.346,-0.005,-0.004,-0.398,-0.917,-0.957,0.289,XRP,0
2021-05-19 13:47:30,248,-0.006,0.005,-0.058,-0.023,0.035,0.183,-0.005,-0.005,-0.398,-0.917,-0.957,0.289,XRP,0
2021-05-19 13:47:55,248,-0.003,-0.006,0.009,-0.057,-0.034,0.035,-0.004,-0.004,-0.398,-0.917,-0.957,0.289,XRP,0
2021-05-19 14:00:50,249,-0.226,0.138,-0.375,-0.247,0.075,0.595,-0.003,-0.003,-0.631,-0.776,0.000,1.000,XRP,0
2021-05-19 14:01:15,249,-0.007,0.014,-0.062,-0.055,-0.022,0.139,-0.002,-0.002,-0.631,-0.776,0.106,0.994,XRP,0
2021-05-19 14:01:40,249,0.059,-0.034,0.052,-0.047,0.014,0.134,-0.002,-0.002,-0.631,-0.776,0.106,0.994,XRP,0
2021-05-19 14:07:05,250,0.339,0.081,0.098,-0.124,0.071,-0.098,-0.002,-0.001,-0.631,-0.776,0.678,0.735,XRP,0
2021-05-19 14:07:30,250,-0.001,0.022,0.006,0.054,0.064,0.083,0.001,0.001,-0.631,-0.776,0.678,0.735,XRP,0
2021-05-19 14:07:55,250,0.005,-0.007,0.020,0.008,-0.026,0.087,0.003,0.002,-0.631,-0.776,0.678,0.735,XRP,0
2021-05-19 15:00:50,251,-0.398,0.075,-0.419,-0.132,0.062,-0.007,0.000,0.000,-0.817,-0.577,0.000,1.000,XRP,0
2021-05-19 15:01:15,251,-0.084,0.026,-0.034,0.013,-0.012,0.076,-0.000,-0.000,-0.817,-0.577,0.106,0.994,XRP,0
2021-05-19 15:01:40,251,0.308,0.047,0.047,-0.045,0.064,0.056,-0.001,-0.000,-0.817,-0.577,0.106,0.994,XRP,0
2021-05-20 00:55:00,252,-0.179,0.056,-0.142,-0.145,0.046,-0.049,-0.000,-0.000,0.000,1.000,-0.413,0.911,XRP,0
2021-05-20 00:55:25,252,-0.236,-0.101,-0.078,-0.026,-0.090,0.136,0.002,0.002,0.000,1.000,-0.413,0.911,XRP,0
2021-05-20 00:55:50,252,0.040,-0.055,0.007,-0.006,-0.076,0.071,0.003,0.003,0.000,1.000,-0.413,0.911,XRP,0
2021-05-21 14:17:55,253,0.148,0.290,0.150,-0.031,0.194,0.175,-0.007,-0.006,-0.631,-0.776,0.971,-0.237,XRP,0
2021-05-21 14:18:20,253,-0.082,0.080,-0.087,-0.088,0.073,-0.004,-0.006,-0.006,-0.631,-0.776,0.941,-0.339,XRP,0
2021-05-21 14:18:45,253,-0.072,0.115,-0.073,-0.048,0.118,0.106,-0.007,-0.007,-0.631,-0.776,0.941,-0.339,XRP,0
2021-05-21 16:04:10,254,-0.214,0.033,-0.125,-0.003,0.027,0.180,0.001,0.001,-0.942,-0.335,0.413,0.911,XRP,0
2021-05-21 16:04:35,254,0.125,-0.014,-0.049,-0.154,0.063,0.150,0.002,0.002,-0.942,-0.335,0.413,0.911,XRP,0
2021-05-21 16:05:00,254,0.153,-0.019,0.152,-0.018,0.004,0.099,0.002,0.002,-0.942,-0.335,0.508,0.862,XRP,0
2021-05-23 12:45:50,255,-0.282,0.111,-0.318,-0.226,0.068,0.037,0.000,0.001,-0.136,-0.991,-0.997,0.080,XRP,0
2021-05-23 12:46:15,255,-0.076,0.061,-0.018,0.047,0.011,0.123,0.001,0.001,-0.136,-0.991,-0.983,0.185,XRP,0
2021-05-23 12:46:40,255,-0.124,0.023,-0.081,-0.124,0.023,0.134,0.001,0.001,-0.136,-0.991,-0.983,0.185,XRP,0
2021-06-07 21:15:50,256,2.870,1.449,1.229,0.230,0.446,0.380,-0.004,-0.003,-0.520,0.854,1.000,-0.027,XRP,0
2021-06-07 21:16:15,256,-0.013,0.126,-0.017,0.028,0.208,0.059,-0.004,-0.004,-0.520,0.854,0.991,-0.133,XRP,0
2021-06-07 21:16:40,256,-0.014,0.047,-0.018,-0.029,0.077,0.002,-0.003,-0.003,-0.520,0.854,0.991,-0.133,XRP,0
2021-08-14 09:59:10,257,-0.008,0.162,-0.021,-0.018,0.154,0.092,-0.005,-0.004,0.631,-0.776,-0.000,1.000,XRP,0
2021-08-14 09:59:35,257,-0.070,0.052,-0.111,-0.064,0.069,-0.076,-0.003,-0.003,0.631,-0.776,-0.000,1.000,XRP,0
2021-08-14 10:00:00,257,-0.115,0.094,-0.154,-0.080,0.066,-0.131,-0.003,-0.003,0.398,-0.917,0.000,1.000,XRP,0
2021-09-07 15:00:00,259,-0.103,0.134,0.077,-0.064,0.094,0.226,-0.008,-0.008,-0.817,-0.577,0.000,1.000,XRP,0
2021-09-07 15:00:25,259,0.392,0.105,0.417,-0.041,0.060,0.072,-0.009,-0.008,-0.817,-0.577,0.000,1.000,XRP,0
2021-09-07 15:00:50,259,-0.136,0.081,-0.092,-0.067,0.078,-0.021,-0.008,-0.007,-0.817,-0.577,0.000,1.000,XRP,0
2021-09-07 15:07:55,260,-0.010,0.154,0.149,-0.070,0.104,0.242,-0.006,-0.005,-0.817,-0.577,0.678,0.735,XRP,0
2021-09-07 15:08:20,260,0.020,0.023,0.009,0.164,0.103,0.341,-0.009,-0.007,-0.817,-0.577,0.753,0.659,XRP,0
2021-09-07 15:08:45,260,0.104,0.119,0.057,0.096,0.123,0.242,-0.012,-0.011,-0.817,-0.577,0.753,0.659,XRP,0
2021-09-07 15:09:10,261,-0.049,-0.030,0.016,0.146,0.107,0.135,-0.013,-0.012,-0.817,-0.577,0.818,0.575,XRP,0
2021-09-07 15:09:35,261,-0.041,0.041,-0.066,-0.029,0.054,0.139,-0.014,-0.013,-0.817,-0.577,0.818,0.575,XRP,0
2021-09-07 15:10:00,261,0.005,0.105,-0.073,0.050,0.057,0.033,-0.015,-0.013,-0.817,-0.577,0.875,0.485,XRP,0
2021-09-07 15:10:00,262,-0.053,0.123,-0.120,0.038,0.065,0.033,-0.015,-0.013,-0.817,-0.577,0.875,0.485,XRP,0
2021-09-07 15:10:25,262,-0.164,0.039,-0.208,-0.101,0.095,-0.087,-0.012,-0.011,-0.817,-0.577,0.875,0.485,XRP,0
2021-09-07 15:10:50,262,-0.029,-0.033,0.014,-0.182,0.068,-0.151,-0.010,-0.006,-0.817,-0.577,0.875,0.485,XRP,0
2021-09-07 15:10:50,263,-0.193,0.062,-0.251,-0.366,0.111,-0.130,-0.009,-0.004,-0.817,-0.577,0.875,0.485,XRP,0
2021-09-07 15:11:15,263,0.359,0.118,0.263,0.033,0.015,-0.201,-0.008,-0.005,-0.817,-0.577,0.921,0.389,XRP,0
2021-09-07 15:11:40,263,-0.081,0.023,-0.046,-0.289,0.033,-0.183,-0.005,-0.002,-0.817,-0.577,0.921,0.389,XRP,0
2021-09-07 15:12:55,264,0.077,-0.032,0.080,-0.417,0.056,0.191,0.005,0.004,-0.817,-0.577,0.957,0.289,XRP,0
2021-09-07 15:13:20,264,0.080,-0.044,0.095,0.119,-0.057,0.089,0.006,0.005,-0.817,-0.577,0.983,0.185,XRP,0
2021-09-07 15:13:45,264,0.005,0.024,-0.005,0.033,-0.012,-0.105,0.007,0.006,-0.817,-0.577,0.983,0.185,XRP,0
2021-09-07 15:19:10,265,0.044,0.021,0.049,-0.012,-0.011,0.128,0.006,0.006,-0.817,-0.577,0.899,-0.437,XRP,0
2021-09-07 15:19:35,265,0.171,0.073,0.084,-0.028,0.004,0.093,0.007,0.007,-0.817,-0.577,0.899,-0.437,XRP,0
2021-09-07 15:20:00,265,0.134,0.040,0.106,0.005,-0.001,-0.095,0.007,0.007,-0.817,-0.577,0.848,-0.530,XRP,0
2021-10-17 20:20:50,266,0.481,1.117,0.458,0.277,0.798,0.874,-0.004,-0.004,-0.731,0.683,0.848,-0.530,XRP,0
2021-10-17 20:21:15,266,0.093,0.413,0.120,0.077,0.363,0.441,-0.006,-0.005,-0.731,0.683,0.787,-0.618,XRP,0
2021-10-17 20:21:40,266,-0.014,0.185,-0.016,-0.015,0.169,0.183,-0.006,-0.006,-0.731,0.683,0.787,-0.618,XRP,0
2021-11-10 21:25:00,269,0.023,0.098,0.009,0.144,0.138,0.105,-0.005,-0.004,-0.520,0.854,0.461,-0.887,XRP,0
2021-11-10 21:25:25,269,0.018,0.036,0.007,0.009,0.042,-0.069,-0.004,-0.003,-0.520,0.854,0.461,-0.887,XRP,0
2021-11-10 21:25:50,269,-0.045,0.025,-0.048,-0.018,0.010,-0.137,-0.004,-0.003,-0.520,0.854,0.461,-0.887,XRP,0
2021-11-10 21:25:50,270,-0.221,0.083,-0.251,-0.154,0.063,-0.142,-0.004,-0.003,-0.520,0.854,0.461,-0.887,XRP,0
2021-11-10 21:26:15,270,-0.282,0.076,-0.220,-0.143,0.069,-0.241,-0.005,-0.005,-0.520,0.854,0.364,-0.931,XRP,0
2021-11-10 21:26:40,270,0.037,-0.008,0.039,0.019,-0.008,-0.134,-0.002,-0.003,-0.520,0.854,0.364,-0.931,XRP,0
2021-12-04 04:54:10,271,0.139,0.441,0.116,0.157,0.405,0.513,-0.006,-0.005,0.888,0.460,-0.508,0.862,XRP,0
2021-12-04 04:54:35,271,0.085,0.332,0.059,0.056,0.274,0.337,-0.008,-0.007,0.888,0.460,-0.508,0.862,XRP,0
2021-12-04 04:55:00,271,-0.041,0.127,-0.039,-0.047,0.126,0.255,-0.010,-0.009,0.888,0.460,-0.413,0.911,XRP,0
2021-12-04 04:55:00,272,-0.041,0.127,-0.040,-0.049,0.127,0.257,-0.010,-0.009,0.888,0.460,-0.413,0.911,XRP,0
2021-12-04 04:55:25,272,-0.046,0.160,-0.057,-0.036,0.187,0.102,-0.010,-0.009,0.888,0.460,-0.413,0.911,XRP,0
2021-12-04 04:55:50,272,-0.080,0.080,-0.086,-0.084,0.080,0.013,-0.010,-0.009,0.888,0.460,-0.413,0.911,XRP,0
2021-12-04 05:04:10,273,0.459,0.098,0.954,0.220,0.036,0.567,-0.008,-0.007,0.979,0.203,0.413,0.911,XRP,0
2021-12-04 05:04:35,273,0.385,0.102,0.498,0.899,0.187,0.283,-0.010,-0.007,0.979,0.203,0.413,0.911,XRP,0
2021-12-04 05:05:00,273,-0.001,0.077,-0.001,-0.020,0.037,0.056,-0.009,-0.007,0.979,0.203,0.508,0.862,XRP,0
2021-12-04 05:22:05,274,0.130,0.071,0.206,0.006,0.003,0.528,-0.006,-0.004,0.979,0.203,0.716,-0.698,XRP,0
2021-12-04 05:22:30,274,-0.013,-0.005,0.614,0.372,0.091,0.057,-0.005,0.003,0.979,0.203,0.716,-0.698,XRP,0
2021-12-04 05:22:55,274,-0.032,0.049,0.003,0.020,0.072,0.083,-0.006,-0.003,0.979,0.203,0.716,-0.698,XRP,0
2021-12-04 05:25:50,275,-0.352,0.090,-0.406,-0.131,0.079,0.382,-0.009,-0.007,0.979,0.203,0.461,-0.887,XRP,0
2021-12-04 05:26:15,275,-0.176,-0.039,-0.016,-0.044,-0.042,0.263,-0.010,-0.010,0.979,0.203,0.364,-0.931,XRP,0
2021-12-04 05:26:40,275,-0.031,-0.007,-0.222,-0.327,-0.112,0.101,-0.012,-0.019,0.979,0.203,0.364,-0.931,XRP,0
2021-12-04 05:27:05,276,0.050,0.035,0.028,-0.215,-0.032,0.085,-0.014,-0.015,0.979,0.203,0.263,-0.965,XRP,0
2021-12-04 05:27:30,276,0.003,-0.001,0.013,0.113,-0.019,0.083,-0.017,-0.018,0.979,0.203,0.263,-0.965,XRP,0
2021-12-04 05:27:55,276,0.064,0.009,-0.355,-0.064,-0.023,0.013,-0.015,-0.017,0.979,0.203,0.263,-0.965,XRP,0
2021-12-04 05:27:55,277,-0.067,0.076,-0.263,-0.046,0.031,0.001,-0.016,-0.017,0.979,0.203,0.263,-0.965,XRP,0
2021-12-04 05:28:20,277,0.019,-0.003,0.421,-0.015,0.006,-0.149,-0.012,-0.011,0.979,0.203,0.159,-0.987,XRP,0
2021-12-04 05:28:45,277,-0.170,0.019,-0.073,-0.067,0.010,-0.216,-0.010,-0.009,0.979,0.203,0.159,-0.987,XRP,0
2021-12-04 05:29:10,278,-0.014,-0.012,0.083,0.002,0.013,-0.243,-0.008,-0.008,0.979,0.203,0.053,-0.999,XRP,0
2021-12-04 05:29:35,278,-0.003,-0.010,0.126,0.091,-0.031,-0.168,-0.004,-0.004,0.979,0.203,0.053,-0.999,XRP,0
2021-12-04 05:30:00,278,0.055,0.016,-0.019,-0.023,-0.010,-0.027,-0.001,-0.000,0.979,0.203,-0.053,-0.999,XRP,0
2021-12-04 05:30:50,279,-0.378,0.086,-0.395,-0.241,0.077,0.120,0.005,0.005,0.979,0.203,-0.053,-0.999,XRP,0
2021-12-04 05:31:15,279,-0.068,-0.015,-0.127,-0.110,-0.034,0.114,0.007,0.006,0.979,0.203,-0.159,-0.987,XRP,0
2021-12-04 05:31:40,279,0.022,0.018,0.130,0.465,0.137,-0.037,0.012,0.011,0.979,0.203,-0.159,-0.987,XRP,0
2022-01-05 22:30:00,280,-0.014,0.179,-0.014,-0.010,0.175,0.141,-0.005,-0.004,-0.270,0.963,-0.053,-0.999,XRP,0
2022-01-05 22:30:25,280,0.020,0.221,0.060,-0.029,0.095,0.021,-0.004,-0.004,-0.270,0.963,-0.053,-0.999,XRP,0
2022-01-05 22:30:50,280,-0.041,0.060,-0.053,-0.025,0.178,-0.022,-0.004,-0.004,-0.270,0.963,-0.053,-0.999,XRP,0
2022-03-31 14:05:00,281,0.122,0.158,0.074,-0.008,0.069,0.196,-0.006,-0.005,-0.631,-0.776,0.508,0.862,XRP,0
2022-03-31 14:05:25,281,-0.000,-0.001,0.005,-0.147,-0.047,0.046,-0.004,-0.004,-0.631,-0.776,0.508,0.862,XRP,0
2022-03-31 14:05:50,281,0.002,-0.033,0.000,-0.029,-0.012,0.020,-0.003,-0.002,-0.631,-0.776,0.508,0.862,XRP,0
2022-05-11 12:50:00,282,0.204,0.268,0.135,0.020,0.164,0.225,-0.010,-0.009,-0.136,-0.991,-0.818,0.575,XRP,0
2022-05-11 12:50:25,282,-0.039,0.137,-0.078,-0.050,0.018,0.163,-0.011,-0.010,-0.136,-0.991,-0.818,0.575,XRP,0
2022-05-11 12:50:50,282,-0.132,0.141,-0.162,-0.190,0.081,0.133,-0.013,-0.012,-0.136,-0.991,-0.818,0.575,XRP,0
2022-05-11 12:50:50,283,-0.166,0.152,-0.223,-0.304,0.117,0.131,-0.013,-0.012,-0.136,-0.991,-0.818,0.575,XRP,0
2022-05-11 12:51:15,283,-0.153,0.131,-0.201,0.057,0.041,0.073,-0.014,-0.013,-0.136,-0.991,-0.753,0.659,XRP,0
2022-05-11 12:51:40,283,-0.131,0.048,-0.156,-0.077,0.027,0.016,-0.014,-0.014,-0.136,-0.991,-0.753,0.659,XRP,0
2022-05-11 12:52:55,284,-0.262,0.038,-0.371,-0.200,0.055,-0.165,-0.007,-0.006,-0.136,-0.991,-0.678,0.735,XRP,0
2022-05-11 12:53:20,284,-0.066,0.010,-0.038,0.023,0.055,-0.230,-0.005,-0.004,-0.136,-0.991,-0.596,0.803,XRP,0
2022-05-11 12:53:45,284,0.059,0.045,1.071,0.359,0.108,0.121,0.001,0.010,-0.136,-0.991,-0.596,0.803,XRP,0
2022-05-11 12:54:10,285,-0.103,-0.021,-0.030,0.028,-0.051,0.027,0.001,0.001,-0.136,-0.991,-0.508,0.862,XRP,0
2022-05-11 12:54:35,285,0.337,0.055,0.020,-0.131,0.055,-0.003,-0.001,0.001,-0.136,-0.991,-0.508,0.862,XRP,0
2022-05-11 12:55:00,285,0.025,-0.011,0.005,-0.015,0.017,-0.016,0.002,0.003,-0.136,-0.991,-0.413,0.911,XRP,0
2022-05-11 12:55:00,286,-0.157,0.033,-0.111,-0.126,0.050,-0.024,0.003,0.004,-0.136,-0.991,-0.413,0.911,XRP,0
2022-05-11 12:55:25,286,-0.007,-0.017,0.007,0.029,-0.032,-0.078,0.003,0.005,-0.136,-0.991,-0.413,0.911,XRP,0
2022-05-11 12:55:50,286,0.094,-0.020,0.047,0.093,-0.025,-0.123,0.003,0.003,-0.136,-0.991,-0.413,0.911,XRP,0
2022-05-11 13:02:55,287,-0.194,0.039,-0.237,-0.180,0.091,0.254,0.003,0.004,-0.398,-0.917,0.211,0.977,XRP,0
2022-05-11 13:03:20,287,-0.077,0.019,-0.178,-0.053,0.007,0.002,0.002,0.002,-0.398,-0.917,0.314,0.949,XRP,0
2022-05-11 13:03:45,287,-0.161,0.026,-0.106,0.082,-0.012,0.096,0.003,0.003,-0.398,-0.917,0.314,0.949,XRP,0
2022-05-11 13:22:55,288,-0.059,0.106,-0.080,-0.075,0.144,0.141,-0.001,-0.001,-0.398,-0.917,0.716,-0.698,XRP,0
2022-05-11 13:23:20,288,0.033,-0.026,-0.001,0.002,-0.001,0.057,-0.001,-0.002,-0.398,-0.917,0.638,-0.770,XRP,0
2022-05-11 13:23:45,288,-0.098,0.057,-0.105,-0.087,0.097,0.025,-0.001,-0.001,-0.398,-0.917,0.638,-0.770,XRP,0
2022-05-11 13:50:00,289,-0.004,0.090,0.154,0.055,0.116,0.289,0.004,0.006,-0.398,-0.917,-0.818,0.575,XRP,0
2022-05-11 13:50:25,289,0.001,0.002,0.005,0.000,-0.000,0.000,0.003,0.003,-0.398,-0.917,-0.818,0.575,XRP,0
2022-05-11 13:50:50,289,0.086,0.073,-0.003,-0.021,0.034,-0.039,0.002,0.002,-0.398,-0.917,-0.818,0.575,XRP,0
2022-05-11 20:55:00,290,0.302,0.514,0.345,0.248,0.438,0.753,-0.007,-0.005,-0.731,0.683,-0.413,0.911,XRP,0
2022-05-11 20:55:25,290,0.004,0.152,0.001,-0.019,0.119,0.204,-0.007,-0.006,-0.731,0.683,-0.413,0.911,XRP,0
2022-05-11 20:55:50,290,-0.035,0.132,-0.030,-0.034,0.122,0.162,-0.009,-0.007,-0.731,0.683,-0.413,0.911,XRP,0
2022-05-11 20:55:50,291,-0.043,0.141,-0.036,-0.049,0.140,0.166,-0.008,-0.007,-0.731,0.683,-0.413,0.911,XRP,0
2022-05-11 20:56:15,291,-0.038,0.143,-0.040,-0.046,0.113,0.096,-0.009,-0.009,-0.731,0.683,-0.314,0.949,XRP,0
2022-05-11 20:56:40,291,-0.070,0.101,-0.075,-0.056,0.113,0.002,-0.009,-0.008,-0.731,0.683,-0.314,0.949,XRP,0
2022-05-11 21:02:55,292,-0.111,0.068,-0.154,-0.136,0.067,0.298,0.005,0.005,-0.520,0.854,0.211,0.977,XRP,0
2022-05-11 21:03:20,292,-0.042,0.039,-0.063,0.042,0.108,0.067,0.004,0.005,-0.520,0.854,0.314,0.949,XRP,0
2022-05-11 21:03:45,292,-0.015,0.005,-0.020,0.031,-0.009,-0.007,0.003,0.003,-0.520,0.854,0.314,0.949,XRP,0
2022-08-19 06:39:10,293,0.044,0.279,-0.005,-0.000,0.193,0.075,-0.005,-0.004,0.998,-0.068,-0.848,-0.530,XRP,0
2022-08-19 06:39:35,293,-0.047,0.152,-0.065,-0.094,0.120,-0.008,-0.005,-0.004,0.998,-0.068,-0.848,-0.530,XRP,0
2022-08-19 06:40:00,293,-0.079,0.095,-0.115,-0.201,0.121,-0.069,-0.004,-0.004,0.998,-0.068,-0.899,-0.437,XRP,0
2022-08-19 06:40:00,294,-0.078,0.097,-0.119,-0.207,0.125,-0.067,-0.004,-0.004,0.998,-0.068,-0.899,-0.437,XRP,0
2022-08-19 06:40:25,294,-0.036,0.028,-0.022,-0.083,-0.074,-0.085,-0.003,-0.003,0.998,-0.068,-0.899,-0.437,XRP,0
2022-08-19 06:40:50,294,-0.049,0.029,-0.056,-0.014,0.075,-0.121,-0.003,-0.003,0.998,-0.068,-0.899,-0.437,XRP,0
2022-09-21 18:00:50,295,0.067,0.349,0.142,-0.006,0.210,0.669,-0.003,-0.002,-0.979,0.203,0.000,1.000,XRP,0
2022-09-21 18:01:15,295,-0.015,0.135,-0.009,0.001,0.074,0.159,-0.003,-0.002,-0.979,0.203,0.106,0.994,XRP,0
2022-09-21 18:01:40,295,-0.035,0.146,-0.036,-0.042,0.102,0.009,-0.002,-0.001,-0.979,0.203,0.106,0.994,XRP,0
2022-10-13 12:30:50,296,-0.022,0.157,-0.028,-0.033,0.105,0.097,-0.001,-0.000,-0.136,-0.991,-0.053,-0.999,XRP,0
2022-10-13 12:31:15,296,-0.036,0.138,-0.040,-0.039,0.102,0.076,-0.001,-0.001,-0.136,-0.991,-0.159,-0.987,XRP,0
2022-10-13 12:31:40,296,-0.051,0.082,-0.052,-0.047,0.062,0.035,-0.001,-0.000,-0.136,-0.991,-0.159,-0.987,XRP,0
2022-11-08 18:20:50,297,0.715,0.442,0.743,0.399,0.288,0.602,-0.004,-0.003,-0.979,0.203,0.848,-0.530,XRP,0
2022-11-08 18:21:15,297,0.019,0.070,0.019,0.005,0.042,0.130,-0.004,-0.003,-0.979,0.203,0.787,-0.618,XRP,0
2022-11-08 18:21:40,297,-0.045,0.040,-0.053,-0.054,0.044,-0.016,-0.004,-0.003,-0.979,0.203,0.787,-0.618,XRP,0
2022-11-08 19:32:05,298,-0.083,0.074,-0.062,-0.045,0.068,0.194,-0.006,-0.005,-0.888,0.460,-0.263,-0.965,XRP,0
2022-11-08 19:32:30,298,0.254,0.108,0.156,0.081,0.052,0.323,-0.008,-0.007,-0.888,0.460,-0.263,-0.965,XRP,0
2022-11-08 19:32:55,298,0.301,0.157,0.376,0.179,0.072,0.117,-0.008,-0.002,-0.888,0.460,-0.263,-0.965,XRP,0
2022-11-08 19:32:55,299,0.196,0.224,0.263,0.023,0.164,0.115,-0.008,-0.002,-0.888,0.460,-0.263,-0.965,XRP,0
2022-11-08 19:33:20,299,-0.042,0.113,-0.049,-0.102,0.046,0.058,-0.009,-0.008,-0.888,0.460,-0.364,-0.931,XRP,0
2022-11-08 19:33:45,299,-0.110,0.053,-0.074,-0.081,0.022,-0.002,-0.009,-0.008,-0.888,0.460,-0.364,-0.931,XRP,0
2022-11-08 19:35:00,300,-0.007,0.002,-0.040,-0.003,0.004,-0.008,-0.000,0.001,-0.888,0.460,-0.553,-0.833,XRP,0
2022-11-08 19:35:25,300,0.136,-0.046,0.137,0.198,-0.060,0.063,0.001,0.000,-0.888,0.460,-0.553,-0.833,XRP,0
2022-11-08 19:35:50,300,0.080,-0.044,0.074,-0.004,0.011,0.030,0.001,0.000,-0.888,0.460,-0.553,-0.833,XRP,0
2022-11-10 13:30:50,301,0.037,0.271,0.096,0.088,0.300,0.467,0.004,0.005,-0.398,-0.917,-0.053,-0.999,XRP,0
2022-11-10 13:31:15,301,0.039,0.207,0.035,0.128,0.243,0.271,0.005,0.005,-0.398,-0.917,-0.159,-0.987,XRP,0
2022-11-10 13:31:40,301,-0.002,0.213,0.003,-0.018,0.178,0.118,0.005,0.005,-0.398,-0.917,-0.159,-0.987,XRP,0
2023-01-02 01:07:05,302,-0.015,0.156,-0.006,0.053,0.308,0.081,-0.006,-0.005,0.270,0.963,0.678,0.735,XRP,0
2023-01-02 01:07:30,302,0.009,0.241,-0.006,0.054,0.272,0.025,-0.006,-0.005,0.270,0.963,0.678,0.735,XRP,0
2023-01-02 01:07:55,302,-0.023,0.041,-0.028,-0.045,0.078,-0.012,-0.006,-0.006,0.270,0.963,0.678,0.735,XRP,0
2023-03-28 18:45:50,303,1.024,1.670,0.755,0.275,0.728,1.519,0.003,0.004,-0.979,0.203,-0.997,0.080,XRP,0
2023-03-28 18:46:15,303,-0.012,0.090,-0.011,-0.014,0.086,0.136,0.002,0.002,-0.979,0.203,-0.983,0.185,XRP,0
2023-03-28 18:46:40,303,-0.010,0.041,-0.018,-0.018,0.062,0.082,0.002,0.003,-0.979,0.203,-0.983,0.185,XRP,0
2023-04-19 08:22:55,304,-0.009,0.207,-0.030,-0.088,0.113,0.220,-0.006,-0.006,0.817,-0.577,0.716,-0.698,XRP,0
2023-04-19 08:23:20,304,-0.070,0.114,-0.068,-0.067,0.080,0.047,-0.006,-0.005,0.817,-0.577,0.638,-0.770,XRP,0
2023-04-19 08:23:45,304,-0.089,0.086,-0.063,-0.029,0.020,-0.015,-0.005,-0.005,0.817,-0.577,0.638,-0.770,XRP,0
2023-07-13 15:27:55,305,0.045,0.244,0.031,-0.016,0.128,0.347,0.012,0.013,-0.817,-0.577,0.263,-0.965,XRP,0
2023-07-13 15:28:20,305,0.002,0.166,0.013,-0.012,0.119,0.198,0.013,0.013,-0.817,-0.577,0.159,-0.987,XRP,0
2023-07-13 15:28:45,305,-0.044,0.075,-0.040,-0.036,0.036,0.110,0.013,0.013,-0.817,-0.577,0.159,-0.987,XRP,0
2023-07-13 15:55:00,306,0.467,0.239,0.370,0.039,0.075,0.471,-0.004,-0.003,-0.817,-0.577,-0.413,0.911,XRP,0
2023-07-13 15:55:25,306,-0.011,0.012,-0.012,-0.007,0.009,0.154,-0.003,-0.003,-0.817,-0.577,-0.413,0.911,XRP,0
2023-07-13 15:55:50,306,0.002,-0.015,0.001,-0.167,-0.074,0.016,-0.003,-0.003,-0.817,-0.577,-0.413,0.911,XRP,0
2023-07-13 18:15:50,307,0.235,0.270,0.138,-0.030,0.119,0.407,0.005,0.005,-0.979,0.203,1.000,-0.027,XRP,0
2023-07-13 18:16:15,307,0.010,0.053,0.005,0.008,0.013,0.073,0.005,0.005,-0.979,0.203,0.991,-0.133,XRP,0
2023-07-13 18:16:40,307,-0.016,0.071,-0.020,0.005,0.063,-0.067,0.003,0.004,-0.979,0.203,0.991,-0.133,XRP,0
2023-07-13 18:27:05,308,-0.099,0.043,-0.099,-0.039,0.017,-0.126,0.002,0.003,-0.979,0.203,0.263,-0.965,XRP,0
2023-07-13 18:27:30,308,-0.024,0.046,-0.042,0.005,-0.002,0.115,-0.001,0.000,-0.979,0.203,0.263,-0.965,XRP,0
2023-07-13 18:27:55,308,0.039,-0.018,0.025,0.047,-0.027,0.153,-0.002,-0.002,-0.979,0.203,0.263,-0.965,XRP,0
2023-07-13 18:29:10,309,-0.085,-0.068,-0.096,-0.208,-0.092,-0.003,-0.009,-0.010,-0.979,0.203,0.053,-0.999,XRP,0
2023-07-13 18:29:35,309,0.085,-0.042,0.100,0.029,-0.023,-0.058,-0.008,-0.009,-0.979,0.203,0.053,-0.999,XRP,0
2023-07-13 18:30:00,309,0.034,-0.023,0.038,0.021,-0.008,-0.096,-0.009,-0.008,-0.979,0.203,-0.053,-0.999,XRP,0
2023-07-13 18:30:00,310,-0.024,0.012,-0.035,-0.064,0.021,-0.107,-0.009,-0.008,-0.979,0.203,-0.053,-0.999,XRP,0
2023-07-13 18:30:25,310,-0.031,0.023,-0.018,0.020,-0.033,-0.169,-0.011,-0.011,-0.979,0.203,-0.053,-0.999,XRP,0
2023-07-13 18:30:50,310,-0.175,-0.096,-0.199,-0.364,-0.109,0.041,-0.007,-0.010,-0.979,0.203,-0.053,-0.999,XRP,0
2023-07-13 18:30:50,311,-0.126,0.059,-0.156,-0.244,0.073,0.010,-0.008,-0.007,-0.979,0.203,-0.053,-0.999,XRP,0
2023-07-13 18:31:15,311,0.040,0.065,0.058,0.019,0.024,-0.049,-0.012,-0.013,-0.979,0.203,-0.159,-0.987,XRP,0
2023-07-13 18:31:40,311,0.147,0.054,0.155,0.185,0.075,0.022,-0.010,-0.011,-0.979,0.203,-0.159,-0.987,XRP,0
2023-07-13 18:32:05,312,-0.083,0.048,-0.082,-0.091,0.033,-0.137,-0.008,-0.008,-0.979,0.203,-0.263,-0.965,XRP,0
2023-07-13 18:32:30,312,-0.101,-0.108,-0.093,-0.120,-0.085,0.018,-0.005,-0.006,-0.979,0.203,-0.263,-0.965,XRP,0
2023-07-13 18:32:55,312,0.005,-0.083,-0.019,-0.046,-0.049,0.023,-0.003,-0.004,-0.979,0.203,-0.263,-0.965,XRP,0
2023-07-13 18:47:55,313,0.293,0.283,0.264,0.163,0.138,0.228,-0.005,-0.005,-0.979,0.203,-0.957,0.289,XRP,0
2023-07-13 18:48:20,313,0.072,0.103,0.071,0.011,0.043,0.101,-0.006,-0.006,-0.979,0.203,-0.921,0.389,XRP,0
2023-07-13 18:48:45,313,-0.025,0.105,-0.015,-0.004,0.032,-0.052,-0.005,-0.005,-0.979,0.203,-0.921,0.389,XRP,0
2023-07-13 19:35:50,314,0.215,0.600,0.202,0.083,0.325,0.572,0.005,0.006,-0.888,0.460,-0.553,-0.833,XRP,0
2023-07-13 19:36:15,314,0.008,0.230,0.044,0.165,0.322,0.317,0.006,0.007,-0.888,0.460,-0.638,-0.770,XRP,0
2023-07-13 19:36:40,314,-0.018,0.149,-0.001,0.001,0.158,0.214,0.008,0.009,-0.888,0.460,-0.638,-0.770,XRP,0
2023-07-14 16:29:10,316,-0.019,0.113,-0.019,-0.017,0.145,0.189,-0.004,-0.004,-0.942,-0.335,0.053,-0.999,XRP,0
2023-07-14 16:29:35,316,-0.023,0.098,-0.026,-0.026,0.093,0.044,-0.004,-0.004,-0.942,-0.335,0.053,-0.999,XRP,0
2023-07-14 16:30:00,316,-0.013,0.028,-0.021,-0.034,0.073,-0.031,-0.003,-0.003,-0.942,-0.335,-0.053,-0.999,XRP,0
2023-07-24 09:50:50,317,0.073,0.330,0.020,0.045,0.271,0.671,-0.004,-0.003,0.631,-0.776,-0.818,0.575,XRP,0
2023-07-24 09:51:15,317,0.036,0.135,0.022,-0.009,-0.014,0.180,-0.003,-0.003,0.631,-0.776,-0.753,0.659,XRP,0
2023-07-24 09:51:40,317,-0.008,0.163,0.008,-0.003,0.147,0.040,-0.003,-0.003,0.631,-0.776,-0.753,0.659,XRP,0
2023-08-17 21:42:05,318,0.128,0.110,0.190,-0.075,-0.035,0.499,-0.005,-0.004,-0.520,0.854,-0.971,-0.237,XRP,0
2023-08-17 21:42:30,318,0.203,0.322,0.161,0.117,0.148,0.401,-0.007,-0.006,-0.520,0.854,-0.971,-0.237,XRP,0
2023-08-17 21:42:55,318,0.001,0.125,0.019,0.006,-0.011,0.311,-0.009,-0.007,-0.520,0.854,-0.971,-0.237,XRP,0
2023-08-17 21:42:55,319,-0.020,0.146,-0.007,-0.035,0.035,0.316,-0.009,-0.007,-0.520,0.854,-0.971,-0.237,XRP,0
2023-08-17 21:43:20,319,0.279,0.328,0.114,-0.018,0.084,0.325,-0.012,-0.009,-0.520,0.854,-0.991,-0.133,XRP,0
2023-08-17 21:43:45,319,0.100,0.252,0.095,-0.006,0.146,0.190,-0.014,-0.013,-0.520,0.854,-0.991,-0.133,XRP,0
2023-08-17 21:44:10,320,-0.106,0.157,-0.147,-0.190,0.096,0.127,-0.016,-0.015,-0.520,0.854,-1.000,-0.027,XRP,0
2023-08-17 21:44:35,320,0.477,0.318,0.190,-0.094,0.139,0.174,-0.022,-0.019,-0.520,0.854,-1.000,-0.027,XRP,0
2023-08-17 21:45:00,320,1.058,0.429,1.423,1.199,0.222,0.014,-0.019,-0.012,-0.520,0.854,-0.997,0.080,XRP,0
2023-08-17 21:45:00,321,1.035,0.428,1.602,1.545,0.255,0.009,-0.019,-0.012,-0.520,0.854,-0.997,0.080,XRP,0
2023-08-17 21:45:25,321,0.006,0.132,-0.017,-0.014,0.029,-0.096,-0.017,-0.015,-0.520,0.854,-0.997,0.080,XRP,0
2023-08-17 21:45:50,321,-0.037,0.085,-0.027,-0.000,-0.001,-0.128,-0.013,-0.014,-0.520,0.854,-0.997,0.080,XRP,0
2023-08-17 21:45:50,322,-0.070,0.116,-0.071,-0.048,0.068,-0.114,-0.013,-0.012,-0.520,0.854,-0.997,0.080,XRP,0
2023-08-17 21:46:15,322,-0.044,0.043,-0.017,-0.009,0.017,-0.179,-0.012,-0.012,-0.520,0.854,-0.983,0.185,XRP,0
2023-08-17 21:46:40,322,-0.038,0.067,-0.026,-0.005,0.019,-0.218,-0.009,-0.008,-0.520,0.854,-0.983,0.185,XRP,0
2023-08-17 21:47:55,323,-0.080,0.063,-0.044,-0.037,0.017,0.099,0.003,0.003,-0.520,0.854,-0.957,0.289,XRP,0
2023-08-17 21:48:20,323,-0.029,0.013,0.011,0.062,-0.025,0.103,0.005,0.004,-0.520,0.854,-0.921,0.389,XRP,0
2023-08-17 21:48:45,323,0.009,-0.042,0.011,0.007,-0.032,-0.167,0.011,0.008,-0.520,0.854,-0.921,0.389,XRP,0
