timestamp,open,high,low,close,volume,symbol,return,Type
2021-01-11 14:15:00,31131.36,32302.1,31115.0,32169.54,1135.772717,BTC/USDT,3.33483664060934,Spike
2021-02-22 14:16:00,49965.2,49965.21,47818.99,47835.64,1218.31944,BTC/USDT,-4.262105573057728,Drawdown
2021-04-18 03:34:00,54522.0,54669.71,52088.1,52674.66,546.73769,BTC/USDT,-3.384702861335287,Drawdown
2021-05-19 11:33:00,36420.0,37600.0,36333.0,37600.0,994.287723,BTC/USDT,3.262575582849947,Spike
2021-05-19 12:53:00,34556.69,34957.26,33410.81,33478.24,1554.536972,BTC/USDT,-3.1208139436965876,Drawdown
2021-05-19 12:57:00,33497.04,35261.18,33251.34,35007.72,1021.87917,BTC/USDT,4.629241369169224,Spike
2021-05-19 13:08:00,32674.76,32674.76,31337.0,31361.26,1272.637302,BTC/USDT,-3.200072103171747,Drawdown
2021-05-19 13:09:00,31361.26,31450.54,30100.0,30101.0,1416.193856,BTC/USDT,-4.018524765905451,Drawdown
2021-05-19 13:10:00,30101.0,31474.97,30000.0,31392.53,1531.672583,BTC/USDT,4.290654795521731,Spike
2021-05-19 13:21:00,35299.52,35552.91,33000.0,33141.61,865.602598,BTC/USDT,-5.7989123344277305,Drawdown
2021-05-19 13:46:00,36630.32,36991.94,35390.0,35422.12,813.824362,BTC/USDT,-3.2983868832194507,Drawdown
2021-05-21 21:22:00,34591.88,35950.0,34567.48,35812.82,607.755386,BTC/USDT,3.598348921039163,Spike
2021-07-26 01:01:00,37522.45,39500.0,37518.16,39306.35,2099.389131,BTC/USDT,4.750786703223131,Spike
2021-09-07 15:08:00,45886.89,46020.01,44196.0,44379.32,1179.04443,BTC/USDT,-3.2854046112081203,Drawdown
2021-10-28 18:38:00,60864.98,60900.0,58664.02,58939.45,946.53603,BTC/USDT,-3.1636090244340886,Drawdown
2021-12-04 05:21:00,48618.0,48618.01,47090.42,47090.42,734.36209,BTC/USDT,-3.142005018717353,Drawdown
2021-12-04 05:26:00,46111.02,46111.02,44191.0,44502.42,1445.36632,BTC/USDT,-3.4654663774403516,Drawdown
2021-12-04 05:27:00,44502.41,44787.97,42000.3,42481.72,1061.57582,BTC/USDT,-4.540651946568297,Drawdown
2021-12-04 05:28:00,42463.28,46012.26,42244.33,44597.5,1271.70383,BTC/USDT,4.980448060954212,Spike
2022-08-19 06:38:00,22270.86,22276.49,21447.76,21483.26,2431.26138,BTC/USDT,-3.502099678703574,Drawdown
2022-09-13 12:30:00,22713.69,22799.0,21849.0,21990.65,3406.42836,BTC/USDT,-3.183278454535554,Drawdown
2022-09-21 18:00:00,19867.91,19956.0,18688.0,18773.04,3683.50561,BTC/USDT,-5.510840837470232,Drawdown
2022-11-08 19:34:00,17367.62,18274.11,17320.97,18158.02,2423.50622,BTC/USDT,4.57815448960468,Spike
2022-11-10 13:30:00,16634.84,17384.37,16548.14,17371.73,4282.33212,BTC/USDT,4.429799144446234,Spike
2023-08-17 21:43:00,27000.0,27000.01,26054.3,26054.32,1536.85317,BTC/USDT,-3.502518518518516,Drawdown
2023-08-17 21:44:00,26054.32,26064.36,25188.0,25188.01,2005.31651,BTC/USDT,-3.325014815201477,Drawdown
2020-09-05 18:55:00,312.0,324.0,311.83,324.0,7915.9358,ETH/USDT,3.7364326193449315,Spike
2020-11-26 03:33:00,509.38,525.73,508.36,525.0,9489.02652,ETH/USDT,3.066472967136513,Spike
2020-12-01 11:25:00,624.78,625.33,585.33,595.5,31305.3182,ETH/USDT,-4.684924052051153,Drawdown
2021-01-11 03:37:00,1062.86,1074.73,1016.4,1023.75,13334.43688,ETH/USDT,-3.8181493625456975,Drawdown
2021-01-11 14:15:00,952.38,1000.0,952.12,994.29,11367.56544,ETH/USDT,4.3884975170342955,Spike
2021-02-22 14:16:00,1656.88,1659.54,1577.12,1579.9,19341.55126,ETH/USDT,-4.646081792284296,Drawdown
2021-02-23 09:11:00,1402.0,1402.27,1357.0,1357.0,12604.49793,ETH/USDT,-3.2097004279600605,Drawdown
2021-05-10 20:04:00,3857.83,3859.99,3701.86,3725.7,13420.74926,ETH/USDT,-3.426985077412381,Drawdown
2021-05-13 00:01:00,3803.8,3820.0,3688.0,3693.21,8863.974,ETH/USDT,-3.114687009764061,Drawdown
2021-05-19 11:31:00,2600.0,2605.73,2500.0,2500.01,13028.3786,ETH/USDT,-3.845769230769225,Drawdown
2021-05-19 11:33:00,2500.0,2652.81,2485.4,2596.34,10190.7051,ETH/USDT,4.505295019743127,Spike
2021-05-19 12:45:00,2425.98,2580.99,2412.0,2542.83,10327.18622,ETH/USDT,4.81661019464299,Spike
2021-05-19 12:48:00,2496.7,2498.82,2400.0,2404.29,9103.91561,ETH/USDT,-3.781445345328527,Drawdown
2021-05-19 12:50:00,2347.29,2351.93,2200.0,2251.21,23081.38859,ETH/USDT,-4.282440378752761,Drawdown
2021-05-19 12:53:00,2161.51,2185.21,2001.0,2012.07,22341.72492,ETH/USDT,-6.913685340340791,Drawdown
2021-05-19 12:55:00,2006.68,2154.99,2004.01,2111.39,15539.28636,ETH/USDT,5.244819731129446,Spike
2021-05-19 12:57:00,2152.65,2255.0,2123.59,2231.87,12227.10534,ETH/USDT,3.489736206360905,Spike
2021-05-19 12:58:00,2231.96,2318.05,2224.9,2304.07,7681.52365,ETH/USDT,3.2349554409531134,Spike
2021-05-19 13:00:00,2365.18,2400.0,2220.84,2266.67,8973.72243,ETH/USDT,-4.165010696860271,Drawdown
2021-05-19 13:05:00,2220.08,2224.9,2139.75,2152.45,7216.83271,ETH/USDT,-3.074228178248495,Drawdown
2021-05-19 13:08:00,2118.73,2167.52,2000.0,2000.02,12747.23566,ETH/USDT,-5.65542876820242,Drawdown
2021-05-19 13:09:00,2000.77,2008.5,1920.0,1925.16,14003.80385,ETH/USDT,-3.7429625703742864,Drawdown
2021-05-19 13:11:00,1981.07,2151.99,1977.52,2149.98,9856.51656,ETH/USDT,8.526200487615277,Spike
2021-05-19 13:12:00,2111.14,2151.99,2022.48,2056.96,9025.44706,ETH/USDT,-4.326551874901163,Drawdown
2021-05-19 13:18:00,2258.71,2336.0,2250.66,2333.63,8623.30867,ETH/USDT,3.3169375439963567,Spike
2021-05-19 13:19:00,2322.15,2420.0,2320.06,2415.18,8834.09476,ETH/USDT,3.494555692204826,Spike
2021-05-19 13:21:00,2414.57,2450.0,2181.7,2199.1,11906.3676,ETH/USDT,-9.277304268187036,Drawdown
2021-05-19 13:22:00,2199.1,2380.0,2193.31,2343.96,8820.31326,ETH/USDT,6.587240234641456,Spike
2021-05-19 13:26:00,2364.05,2450.0,2363.49,2439.52,11081.75643,ETH/USDT,3.0890543521437497,Spike
2021-05-19 13:29:00,2425.21,2430.01,2336.07,2349.57,7489.68965,ETH/USDT,-3.1189051669752277,Drawdown
2021-05-19 13:32:00,2410.65,2499.0,2399.98,2496.92,8235.77235,ETH/USDT,3.638891771298125,Spike
2021-05-19 13:35:00,2528.33,2531.11,2440.78,2449.88,7484.3255,ETH/USDT,-3.020370678257278,Drawdown
2021-05-19 13:46:00,2500.04,2503.02,2359.77,2365.12,9736.17051,ETH/USDT,-5.396713652581564,Drawdown
2021-05-19 13:47:00,2364.03,2498.04,2350.01,2450.02,8889.04421,ETH/USDT,3.5896698687593043,Spike
2021-05-19 14:06:00,2294.85,2459.95,2294.73,2379.71,7116.35016,ETH/USDT,3.7037198438153673,Spike
2021-05-20 01:00:00,2231.96,2308.58,2217.11,2305.28,7011.84693,ETH/USDT,3.3340804159756265,Spike
2021-05-21 16:03:00,2360.19,2452.81,2354.36,2446.59,6940.44906,ETH/USDT,3.6616006474109897,Spike
2021-05-23 12:45:00,1914.8,1980.77,1913.0,1973.92,6377.21207,ETH/USDT,3.149478744807044,Spike
2021-09-07 14:59:00,3506.5,3507.43,3393.06,3399.09,12065.3424,ETH/USDT,-3.076159761845687,Drawdown
2021-09-07 15:07:00,3437.03,3439.31,3211.03,3268.02,16355.8565,ETH/USDT,-4.91732687814771,Drawdown
2021-09-07 15:08:00,3268.02,3296.54,3088.0,3110.08,15881.7584,ETH/USDT,-4.83289575951188,Drawdown
2021-09-07 15:10:00,3035.87,3306.92,3025.99,3164.63,9176.5715,ETH/USDT,4.162374060701013,Spike
2021-12-04 05:21:00,3897.15,3897.33,3780.0,3780.0,9194.9812,ETH/USDT,-3.0105225885413867,Drawdown
2022-05-11 13:49:00,2316.0,2395.0,2313.91,2388.2,9405.9235,ETH/USDT,3.1174438687392003,Spike
2022-09-13 12:30:00,1752.47,1760.51,1675.01,1679.76,27225.1123,ETH/USDT,-4.14900112412766,Drawdown
2022-09-21 18:00:00,1399.43,1408.9,1302.95,1329.67,26360.6336,ETH/USDT,-4.853667262969585,Drawdown
2022-10-13 12:30:00,1248.36,1251.28,1196.5,1203.07,28340.3597,ETH/USDT,-3.832872376141072,Drawdown
2022-10-25 17:00:00,1428.34,1512.01,1428.22,1477.73,35101.3485,ETH/USDT,3.457860173348082,Spike
2022-11-08 19:34:00,1257.09,1316.41,1242.0,1305.27,10422.3576,ETH/USDT,4.0926671717373075,Spike
2022-11-10 13:30:00,1203.59,1280.0,1197.0,1280.0,22661.033,ETH/USDT,6.347623795280821,Spike
2023-04-14 00:36:00,2026.24,2088.66,2025.07,2087.25,17418.0616,ETH/USDT,3.0109957359444106,Spike
2023-08-17 21:44:00,1610.28,1610.28,1558.0,1558.49,8871.175,ETH/USDT,-3.216210845318823,Drawdown
2020-11-18 05:45:00,0.29353,0.29363,0.2843,0.2843,10464567.9,XRP/USDT,-3.1906561787039878,Drawdown
2020-11-22 00:52:00,0.46215,0.46277,0.4425,0.44721,11346542.3,XRP/USDT,-3.37071368380113,Drawdown
2020-11-22 00:56:00,0.443,0.446,0.42757,0.42888,7188765.4,XRP/USDT,-3.174244818711347,Drawdown
2020-11-22 01:42:00,0.4258,0.42806,0.4075,0.40841,11639421.7,XRP/USDT,-4.160604496174969,Drawdown
2020-11-22 23:03:00,0.46458,0.46504,0.4456,0.44703,6519071.9,XRP/USDT,-3.7423828082943977,Drawdown
2020-11-24 01:24:00,0.6066,0.60811,0.57319,0.5763,12722853.7,XRP/USDT,-4.99662056345922,Drawdown
2020-11-24 01:25:00,0.57904,0.6063,0.57603,0.6052,7866172.6,XRP/USDT,5.014749262536866,Spike
2020-11-24 06:01:00,0.74269,0.74334,0.71294,0.716,6979997.3,XRP/USDT,-3.5755168002154836,Drawdown
2020-11-24 06:03:00,0.71834,0.72,0.67323,0.6893,10025711.9,XRP/USDT,-4.04265389648355,Drawdown
2020-11-24 06:09:00,0.67454,0.67461,0.635,0.641,10481638.2,XRP/USDT,-4.814231831546434,Drawdown
2020-11-24 06:10:00,0.64111,0.6695,0.641,0.66946,6731523.7,XRP/USDT,4.439937597503896,Spike
2020-11-26 03:30:00,0.57001,0.57001,0.55111,0.55168,10933586.6,XRP/USDT,-3.2140350877193025,Drawdown
2020-11-26 03:39:00,0.55007,0.551,0.526,0.52678,4432361.6,XRP/USDT,-4.3470366066240445,Drawdown
2020-11-26 08:33:00,0.48745,0.50375,0.48641,0.5025,5506155.5,XRP/USDT,3.08749615345163,Spike
2020-12-01 11:25:00,0.66428,0.66445,0.6355,0.638,8661415.9,XRP/USDT,-3.9792908313768027,Drawdown
2020-12-01 12:24:00,0.63837,0.63953,0.61588,0.61675,9917151.5,XRP/USDT,-3.513712238544442,Drawdown
2020-12-01 12:26:00,0.6136,0.61363,0.588,0.58807,11135283.7,XRP/USDT,-3.874004936495745,Drawdown
2020-12-12 00:00:00,0.54847,0.55102,0.48692,0.51398,38140153.8,XRP/USDT,-6.4555464555464575,Drawdown
2020-12-22 21:42:00,0.40475,0.425,0.40347,0.4172,14493919.7,XRP/USDT,3.1600811038029697,Spike
2020-12-23 20:50:00,0.26956,0.26986,0.25617,0.25617,27169729.6,XRP/USDT,-4.9285581740582725,Drawdown
2020-12-23 20:51:00,0.25617,0.27297,0.255,0.27128,21121381.2,XRP/USDT,5.89842682593591,Spike
2020-12-23 20:53:00,0.27372,0.27372,0.26278,0.26326,9632329.7,XRP/USDT,-3.5677655677655795,Drawdown
2020-12-23 22:14:00,0.23513,0.23559,0.2222,0.224,17358214.3,XRP/USDT,-4.7011274196979365,Drawdown
2020-12-23 22:15:00,0.224,0.24004,0.2222,0.23414,22653946.1,XRP/USDT,4.526785714285708,Spike
2020-12-23 22:19:00,0.23122,0.23195,0.224,0.224,5223932.4,XRP/USDT,-3.1183772328186476,Drawdown
2020-12-23 22:25:00,0.22239,0.23297,0.21933,0.23026,5986585.4,XRP/USDT,3.7768162970975405,Spike
2020-12-23 22:27:00,0.22931,0.22931,0.217,0.22148,4180871.1,XRP/USDT,-3.3049552499454293,Drawdown
2020-12-23 22:33:00,0.23126,0.23987,0.23107,0.23946,6439922.6,XRP/USDT,3.5726643598616104,Spike
2020-12-23 22:42:00,0.25491,0.26998,0.25449,0.26459,14044456.3,XRP/USDT,3.7933469323709446,Spike
2020-12-24 00:05:00,0.25449,0.26629,0.25412,0.26589,7270752.9,XRP/USDT,4.372914622178614,Spike
2020-12-24 01:40:00,0.27874,0.28997,0.27855,0.28997,11846822.7,XRP/USDT,4.032576328346438,Spike
2020-12-24 23:16:00,0.32277,0.34,0.32207,0.33828,19656155.6,XRP/USDT,4.876763292512787,Spike
2020-12-25 16:48:00,0.32679,0.32763,0.31297,0.31573,19740332.9,XRP/USDT,-3.3844364882646416,Drawdown
2020-12-25 16:58:00,0.30364,0.30792,0.29333,0.29389,17875917.3,XRP/USDT,-3.512919005876769,Drawdown
2020-12-25 16:59:00,0.29391,0.30493,0.29333,0.30375,12204539.4,XRP/USDT,3.354996767498064,Spike
2020-12-25 17:01:00,0.29889,0.301,0.2885,0.2892,16612280.6,XRP/USDT,-3.3325533977337285,Drawdown
2020-12-25 17:28:00,0.29042,0.29095,0.28161,0.28199,23413122.1,XRP/USDT,-3.016233319576278,Drawdown
2020-12-25 19:46:00,0.33254,0.34413,0.33187,0.34408,8999048.1,XRP/USDT,3.3863165169315756,Spike
2020-12-26 16:16:00,0.29829,0.31211,0.29777,0.31091,12758396.8,XRP/USDT,4.314712296594547,Spike
2020-12-28 22:36:00,0.25134,0.26243,0.25093,0.26243,13157243.3,XRP/USDT,4.499661529884902,Spike
2020-12-28 22:48:00,0.23947,0.24905,0.23947,0.24865,10971862.6,XRP/USDT,3.8334655697999764,Spike
2020-12-29 17:27:00,0.18718,0.1955,0.18692,0.19341,11646117.0,XRP/USDT,3.3559557526853023,Spike
2020-12-29 17:32:00,0.2,0.21091,0.19999,0.20737,31347517.4,XRP/USDT,3.6849999999999827,Spike
2020-12-29 17:38:00,0.2098,0.21699,0.20922,0.21658,16705749.9,XRP/USDT,3.4535466921423286,Spike
2020-12-29 17:48:00,0.21713,0.22602,0.21688,0.22433,15869745.4,XRP/USDT,3.2399097979658453,Spike
2020-12-29 17:50:00,0.22797,0.23979,0.22778,0.2397,25056294.8,XRP/USDT,5.145413870246074,Spike
2020-12-29 17:55:00,0.23585,0.23585,0.22509,0.22739,19663689.0,XRP/USDT,-3.636055430775098,Drawdown
2020-12-30 05:41:00,0.20353,0.21502,0.20352,0.2098,18571230.6,XRP/USDT,3.1312982352651897,Spike
2021-01-04 07:23:00,0.24095,0.2413,0.233,0.23371,5115117.9,XRP/USDT,-3.024896265560162,Drawdown
2021-01-06 14:42:00,0.25913,0.26888,0.25899,0.26798,17621318.0,XRP/USDT,3.4192652053102623,Spike
2021-01-07 18:34:00,0.31937,0.31945,0.305,0.30545,9962738.5,XRP/USDT,-4.385525574406824,Drawdown
2021-01-07 18:35:00,0.3055,0.31966,0.305,0.31828,6366417.9,XRP/USDT,4.20036012440661,Spike
2021-01-07 18:39:00,0.3121,0.31356,0.3016,0.302,5779691.1,XRP/USDT,-3.205128205128205,Drawdown
2021-01-07 18:41:00,0.30806,0.30817,0.294,0.297,8875462.4,XRP/USDT,-3.455449728570048,Drawdown
2021-01-11 03:36:00,0.26901,0.26995,0.26,0.26083,8303246.5,XRP/USDT,-3.040779153191342,Drawdown
2021-01-11 03:39:00,0.25565,0.26855,0.2545,0.26353,13124170.3,XRP/USDT,3.08233913553686,Spike
2021-01-30 16:15:00,0.41538,0.42998,0.41502,0.42867,18335121.5,XRP/USDT,3.254167068118319,Spike
2021-01-30 16:19:00,0.44702,0.4739,0.44702,0.47196,32402170.2,XRP/USDT,5.579168717283345,Spike
2021-01-30 16:20:00,0.47198,0.4749,0.44176,0.44176,38349764.9,XRP/USDT,-6.3988473599457585,Drawdown
2021-01-30 16:21:00,0.44445,0.4626,0.441,0.45743,22713963.0,XRP/USDT,3.547174936617181,Spike
2021-01-30 16:23:00,0.45584,0.48,0.45501,0.47423,27826010.5,XRP/USDT,4.159985943025335,Spike
2021-01-30 16:24:00,0.47423,0.49289,0.46886,0.49186,31379467.9,XRP/USDT,3.717605381355038,Spike
2021-01-30 16:27:00,0.49402,0.5178,0.49236,0.51509,33385069.6,XRP/USDT,4.546469382370266,Spike
2021-01-30 16:29:00,0.50834,0.5136,0.47015,0.4753,27830066.3,XRP/USDT,-6.728938950921326,Drawdown
2021-01-30 16:32:00,0.487,0.48848,0.445,0.44889,35778074.7,XRP/USDT,-7.825462012320328,Drawdown
2021-01-30 16:33:00,0.44889,0.45593,0.42563,0.4328,56037660.8,XRP/USDT,-3.5843970683240856,Drawdown
2021-01-30 16:35:00,0.44556,0.469,0.44438,0.469,27309115.5,XRP/USDT,5.388521864185858,Spike
2021-01-30 16:37:00,0.47818,0.47953,0.44864,0.45775,24815555.0,XRP/USDT,-4.358454691711411,Drawdown
2021-01-30 16:41:00,0.45842,0.45999,0.43507,0.43521,21153535.4,XRP/USDT,-5.063042624667336,Drawdown
2021-01-30 16:51:00,0.43005,0.43046,0.407,0.41149,36374400.0,XRP/USDT,-4.409134202151133,Drawdown
2021-01-30 17:00:00,0.4197,0.44429,0.4192,0.43816,23993331.8,XRP/USDT,4.393405127227679,Spike
2021-01-30 17:10:00,0.40859,0.41164,0.39333,0.39421,22634801.7,XRP/USDT,-3.552467399016457,Drawdown
2021-01-30 18:02:00,0.39872,0.39917,0.38182,0.3824,16919814.0,XRP/USDT,-4.042558530526197,Drawdown
2021-01-30 20:13:00,0.39925,0.4,0.38731,0.38731,12079842.5,XRP/USDT,-3.0464603985180805,Drawdown
2021-01-30 23:00:00,0.41631,0.42903,0.41577,0.42903,8408390.4,XRP/USDT,3.055415435612896,Spike
2021-01-30 23:20:00,0.45308,0.455,0.43411,0.43586,20589138.6,XRP/USDT,-3.6113138282580226,Drawdown
2021-02-01 04:19:00,0.56885,0.58879,0.5672,0.5864,14895466.1,XRP/USDT,3.0380769974170274,Spike
2021-02-01 09:00:00,0.65451,0.65469,0.62385,0.62453,30575104.6,XRP/USDT,-4.606760451511393,Drawdown
2021-02-01 11:14:00,0.74702,0.75173,0.71344,0.72352,28000687.9,XRP/USDT,-3.086155165023563,Drawdown
2021-02-01 11:17:00,0.7288,0.73102,0.68555,0.69501,28213679.2,XRP/USDT,-4.63638858397365,Drawdown
2021-02-01 11:55:00,0.70085,0.70259,0.556,0.62765,53034811.1,XRP/USDT,-10.443182466754175,Drawdown
2021-02-01 11:56:00,0.63595,0.665,0.62365,0.65,31235299.6,XRP/USDT,3.560901776467773,Spike
2021-02-01 11:58:00,0.669,0.67307,0.6362,0.63831,20283178.8,XRP/USDT,-4.5874439461883405,Drawdown
2021-02-01 11:59:00,0.63999,0.6418,0.59,0.61516,50343796.1,XRP/USDT,-3.626764424809259,Drawdown
2021-02-01 12:01:00,0.59829,0.62222,0.584,0.6184,34066487.2,XRP/USDT,3.4269371644561675,Spike
2021-02-01 12:04:00,0.62035,0.64127,0.62012,0.64,17750066.2,XRP/USDT,3.0330349668362455,Spike
2021-02-01 12:09:00,0.63661,0.6372,0.60721,0.61689,21516494.1,XRP/USDT,-3.1509042954031563,Drawdown
2021-02-01 12:12:00,0.62122,0.62137,0.58502,0.5861,20938864.1,XRP/USDT,-5.656429077329217,Drawdown
2021-02-01 12:15:00,0.5621,0.58,0.56,0.58,27863121.8,XRP/USDT,3.184486746130566,Spike
2021-02-01 12:18:00,0.58048,0.58253,0.55,0.55074,21063724.9,XRP/USDT,-5.1233461962513775,Drawdown
2021-02-01 12:19:00,0.55074,0.57433,0.55,0.57433,20984281.5,XRP/USDT,4.28332788611685,Spike
2021-02-01 12:51:00,0.6136,0.61499,0.58599,0.5949,22060029.0,XRP/USDT,-3.052327950067635,Drawdown
2021-02-01 12:58:00,0.59836,0.59907,0.567,0.57676,20870320.1,XRP/USDT,-3.6790861570834554,Drawdown
2021-02-01 13:21:00,0.5883,0.59486,0.53958,0.5478,37719395.7,XRP/USDT,-6.8842427332993505,Drawdown
2021-02-01 13:22:00,0.54968,0.56828,0.54128,0.56509,33783076.2,XRP/USDT,3.156261409273453,Spike
2021-02-01 13:30:00,0.575,0.629,0.572,0.62575,35200257.7,XRP/USDT,8.75043448036148,Spike
2021-02-01 13:31:00,0.6259,0.629,0.52018,0.53,62967877.1,XRP/USDT,-15.301638034358767,Drawdown
2021-02-01 13:32:00,0.53,0.55,0.502,0.50797,55258106.3,XRP/USDT,-4.1566037735849,Drawdown
2021-02-01 13:38:00,0.50935,0.50935,0.48,0.49151,39599129.4,XRP/USDT,-3.5025031903406223,Drawdown
2021-02-01 13:40:00,0.48572,0.49366,0.45667,0.45998,41349803.8,XRP/USDT,-5.190040399043616,Drawdown
2021-02-01 13:43:00,0.46339,0.46374,0.4237,0.43499,47283134.0,XRP/USDT,-6.199594600422653,Drawdown
2021-02-01 13:44:00,0.43461,0.4353,0.405,0.40797,55570541.8,XRP/USDT,-6.21163704912756,Drawdown
2021-02-01 13:45:00,0.40729,0.47,0.40646,0.45875,56767355.4,XRP/USDT,12.446993651493976,Spike
2021-02-01 13:46:00,0.45998,0.47,0.43207,0.43785,35928316.1,XRP/USDT,-4.555858310626693,Drawdown
2021-02-01 13:48:00,0.43969,0.46,0.43561,0.45797,25872557.7,XRP/USDT,4.528336338529648,Spike
2021-02-01 14:00:00,0.46859,0.46904,0.445,0.45019,21083448.1,XRP/USDT,-3.787053065760515,Drawdown
2021-02-01 14:08:00,0.44572,0.44592,0.41605,0.42058,28916664.3,XRP/USDT,-5.674172423073475,Drawdown
2021-02-01 14:10:00,0.42556,0.43,0.41058,0.41165,22079416.1,XRP/USDT,-3.268634270138171,Drawdown
2021-02-01 16:59:00,0.40301,0.40308,0.3821,0.38802,36876377.2,XRP/USDT,-3.7195106821170665,Drawdown
2021-02-01 17:22:00,0.37965,0.38099,0.36671,0.36841,19976408.6,XRP/USDT,-3.0040545521562767,Drawdown
2021-02-05 02:19:00,0.44453,0.44467,0.4275,0.42903,25678563.6,XRP/USDT,-3.4868287854587954,Drawdown
2021-02-07 15:19:00,0.42045,0.42162,0.4056,0.40805,12205316.0,XRP/USDT,-3.006893273116229,Drawdown
2021-02-10 12:39:00,0.47101,0.47122,0.45508,0.45585,9384645.4,XRP/USDT,-3.198063324202083,Drawdown
2021-02-10 12:41:00,0.45164,0.46849,0.45,0.46798,7659773.6,XRP/USDT,3.8248214048010043,Spike
2021-02-20 22:32:00,0.51607,0.51646,0.5002,0.5002,9535078.0,XRP/USDT,-3.075164221907889,Drawdown
2021-02-20 22:38:00,0.50571,0.50586,0.49,0.49,9518734.0,XRP/USDT,-3.1026913721845406,Drawdown
2021-02-22 06:00:00,0.65028,0.65076,0.62316,0.62739,23599858.5,XRP/USDT,-3.4606388871791682,Drawdown
2021-02-22 14:09:00,0.56387,0.56455,0.54135,0.54197,10170338.2,XRP/USDT,-3.934984135987385,Drawdown
2021-02-22 14:16:00,0.54078,0.54172,0.51,0.52002,20110708.1,XRP/USDT,-3.853122804422582,Drawdown
2021-02-23 08:59:00,0.43034,0.43123,0.41198,0.41198,11415937.0,XRP/USDT,-4.339749692339834,Drawdown
2021-02-23 09:11:00,0.38862,0.38895,0.368,0.37038,11596708.5,XRP/USDT,-4.642002008187218,Drawdown
2021-02-23 09:13:00,0.38111,0.41605,0.38,0.40089,11600092.4,XRP/USDT,5.242570618502573,Spike
2021-03-24 22:17:00,0.49953,0.5009,0.481,0.48183,13545942.2,XRP/USDT,-3.398291832070255,Drawdown
2021-03-31 03:01:00,0.56074,0.56074,0.5287,0.52897,20523741.0,XRP/USDT,-5.677502184340499,Drawdown
2021-04-07 06:55:00,1.00775,1.00998,0.965,0.97259,16076738.0,XRP/USDT,-3.5081105213552233,Drawdown
2021-04-14 08:42:00,1.91412,1.91417,1.81237,1.83448,15100778.4,XRP/USDT,-4.160658683886065,Drawdown
2021-04-14 14:11:00,1.67213,1.67221,1.60001,1.60801,14490417.0,XRP/USDT,-3.8346300825892743,Drawdown
2021-04-18 03:33:00,1.30894,1.30894,1.21726,1.21726,4385802.8,XRP/USDT,-7.004140755114829,Drawdown
2021-04-18 03:34:00,1.23762,1.25,1.17,1.17542,6078202.7,XRP/USDT,-3.4372278724348226,Drawdown
2021-04-22 21:10:00,1.17299,1.18,1.13189,1.13189,15131636.6,XRP/USDT,-3.5038661881175437,Drawdown
2021-04-23 01:50:00,1.04807,1.04941,1.011,1.0116,9205684.2,XRP/USDT,-3.427207637231511,Drawdown
2021-04-23 01:51:00,1.011,1.04785,1.01021,1.04785,7189643.5,XRP/USDT,3.583432186635016,Spike
2021-04-23 02:25:00,0.92712,0.93,0.888,0.888,14275121.4,XRP/USDT,-4.219518508930886,Drawdown
2021-04-23 02:26:00,0.888,0.94094,0.88601,0.9296,9697676.8,XRP/USDT,4.684684684684681,Spike
2021-04-30 14:56:00,1.5813,1.5835,1.531,1.5312,11001499.49,XRP/USDT,-3.205006637587726,Drawdown
2021-05-04 00:51:00,1.4873,1.4879,1.4369,1.4371,9717937.32,XRP/USDT,-3.362248671911783,Drawdown
2021-05-04 00:56:00,1.4632,1.464,1.401,1.401,9252484.79,XRP/USDT,-4.2247744052502085,Drawdown
2021-05-06 18:34:00,1.6295,1.6299,1.5271,1.5271,20533389.55,XRP/USDT,-6.23234680093333,Drawdown
2021-05-06 18:35:00,1.5271,1.5979,1.521,1.5822,9801931.27,XRP/USDT,3.6081461593870934,Spike
2021-05-10 19:55:00,1.4271,1.4271,1.3687,1.3688,17423191.87,XRP/USDT,-4.038137969713961,Drawdown
2021-05-10 20:03:00,1.3749,1.3799,1.3285,1.3288,8240778.48,XRP/USDT,-3.3459412278149525,Drawdown
2021-05-10 20:04:00,1.3292,1.3292,1.2548,1.2673,14862493.92,XRP/USDT,-4.6282360024081814,Drawdown
2021-05-10 20:06:00,1.2388,1.31,1.214,1.2886,8338975.02,XRP/USDT,4.3569808875931315,Spike
2021-05-10 20:07:00,1.284,1.3537,1.2752,1.3284,7457015.13,XRP/USDT,3.0886233121216966,Spike
2021-05-19 11:27:00,1.3007,1.301,1.235,1.2453,16367415.2,XRP/USDT,-4.259245021911273,Drawdown
2021-05-19 11:30:00,1.2632,1.2649,1.1625,1.1683,15118447.33,XRP/USDT,-7.512666244458533,Drawdown
2021-05-19 11:31:00,1.1683,1.1856,1.12,1.12,18450879.62,XRP/USDT,-4.134212103055701,Drawdown
2021-05-19 11:33:00,1.1207,1.2253,1.1201,1.1961,11296991.82,XRP/USDT,6.632789515913351,Spike
2021-05-19 11:35:00,1.22,1.33,1.21,1.2567,10508072.25,XRP/USDT,3.0081967213114735,Spike
2021-05-19 12:42:00,1.1986,1.1992,1.15,1.1502,8453327.22,XRP/USDT,-4.038044385115991,Drawdown
2021-05-19 12:43:00,1.1511,1.1526,1.1058,1.106,10480884.22,XRP/USDT,-3.842809946096315,Drawdown
2021-05-19 12:45:00,1.1063,1.171,1.1003,1.149,9806688.87,XRP/USDT,3.859712555364725,Spike
2021-05-19 12:47:00,1.1441,1.1518,1.1,1.1,6334530.17,XRP/USDT,-3.9552955557495717,Drawdown
2021-05-19 12:48:00,1.1,1.1034,1.0553,1.0571,12228744.51,XRP/USDT,-3.9000000000000146,Drawdown
2021-05-19 12:50:00,1.0419,1.0453,0.9985,1.0091,15759080.76,XRP/USDT,-3.26878834355826,Drawdown
2021-05-19 12:51:00,1.0056,1.01,0.94,0.9484,16714412.98,XRP/USDT,-6.015261123773663,Drawdown
2021-05-19 12:53:00,0.9621,1.01,0.9163,0.917,10474248.22,XRP/USDT,-4.687662405155379,Drawdown
2021-05-19 12:54:00,0.9187,0.92,0.8737,0.886,12459514.58,XRP/USDT,-3.3805888767720838,Drawdown
2021-05-19 12:56:00,0.8815,1.02,0.8775,0.996,13192801.36,XRP/USDT,13.517209938454533,Spike
2021-05-19 12:57:00,0.996,1.0764,0.99,1.0498,8878198.56,XRP/USDT,5.401606425702821,Spike
2021-05-19 13:00:00,1.0833,1.0979,1.01,1.0297,7508736.12,XRP/USDT,-4.94784454906304,Drawdown
2021-05-19 13:02:00,1.0288,1.0384,0.97,0.9751,8970063.08,XRP/USDT,-5.311711011846965,Drawdown
2021-05-19 13:04:00,0.9717,1.0,0.95,0.9962,6985484.03,XRP/USDT,3.3509700176366897,Spike
2021-05-19 13:05:00,0.9962,1.0,0.96,0.96,6646132.91,XRP/USDT,-3.633808472194344,Drawdown
2021-05-19 13:08:00,0.9685,0.9711,0.9174,0.925,6710924.45,XRP/USDT,-4.649005257189975,Drawdown
2021-05-19 13:09:00,0.9246,0.93,0.88,0.88,7193175.72,XRP/USDT,-4.86486486486487,Drawdown
2021-05-19 13:11:00,0.9,0.99,0.8973,0.9799,10107783.54,XRP/USDT,8.877777777777784,Spike
2021-05-19 13:14:00,0.9513,1.0008,0.9482,0.9899,6125020.51,XRP/USDT,4.574265793365728,Spike
2021-05-19 13:18:00,1.0439,1.1,1.0346,1.0929,5060127.09,XRP/USDT,4.5337159253945325,Spike
2021-05-19 13:21:00,1.142,1.1481,1.0545,1.075,8408606.76,XRP/USDT,-5.86690017513134,Drawdown
2021-05-19 13:46:00,1.2026,1.2068,1.1421,1.1421,6804006.54,XRP/USDT,-5.070235225667041,Drawdown
2021-05-19 14:00:00,1.1612,1.1626,1.121,1.1211,4090820.91,XRP/USDT,-3.3950883239982854,Drawdown
2021-05-19 14:06:00,1.0453,1.1129,1.0422,1.0937,6284599.77,XRP/USDT,4.630249689084476,Spike
2021-05-19 15:00:00,1.2043,1.205,1.1611,1.164,6791579.22,XRP/USDT,-3.3623910336239127,Drawdown
2021-05-20 00:54:00,0.9111,0.96,0.9101,0.9409,6219400.11,XRP/USDT,3.4069677986591884,Spike
2021-05-21 14:17:00,1.0982,1.0992,1.0511,1.0516,16353736.58,XRP/USDT,-4.252025858144403,Drawdown
2021-05-21 16:03:00,0.9767,1.02,0.9726,1.0086,6107150.5,XRP/USDT,3.3084093004199566,Spike
2021-05-23 12:45:00,0.6847,0.7139,0.6832,0.7122,5967148.75,XRP/USDT,4.0771591407277485,Spike
2021-06-07 21:15:00,0.8745,0.8745,0.84,0.8403,10719579.31,XRP/USDT,-3.9217928195746654,Drawdown
2021-08-14 09:58:00,1.148,1.1502,1.1024,1.1026,9286602.8,XRP/USDT,-3.954703832752604,Drawdown
2021-09-07 14:48:00,1.2052,1.2056,1.1574,1.1654,12635245.0,XRP/USDT,-3.3023564553601115,Drawdown
2021-09-07 14:59:00,1.1636,1.1636,1.09,1.094,13048025.0,XRP/USDT,-5.973356252685857,Drawdown
2021-09-07 15:07:00,1.1074,1.1214,1.06,1.0708,7424593.0,XRP/USDT,-3.6183618361836145,Drawdown
2021-09-07 15:08:00,1.0697,1.0714,1.0023,1.0101,9864161.89,XRP/USDT,-5.668658946581995,Drawdown
2021-09-07 15:09:00,1.0089,1.0115,0.9524,0.96,11554446.95,XRP/USDT,-4.959904959904959,Drawdown
2021-09-07 15:10:00,0.9601,1.032,0.9543,1.0,8446145.0,XRP/USDT,4.166666666666674,Spike
2021-09-07 15:12:00,1.0083,1.0571,1.0032,1.0446,6563361.0,XRP/USDT,3.6001190121987436,Spike
2021-09-07 15:18:00,1.0601,1.1035,1.06,1.1014,5659324.19,XRP/USDT,3.8958588812376016,Spike
2021-10-17 20:20:00,1.0909,1.0909,1.039,1.0532,15238407.0,XRP/USDT,-3.4558621321844396,Drawdown
2021-10-27 08:09:00,1.017,1.0178,0.954,0.954,13855068.0,XRP/USDT,-6.194690265486724,Drawdown
2021-10-27 08:10:00,0.954,0.9939,0.9483,0.9889,10242344.0,XRP/USDT,3.658280922431878,Spike
2021-11-10 21:24:00,1.1702,1.1726,1.1174,1.1175,9804435.0,XRP/USDT,-4.674571355455082,Drawdown
2021-11-10 21:25:00,1.12,1.17,1.1175,1.1626,7014299.0,XRP/USDT,4.035794183445196,Spike
2021-12-04 04:53:00,0.8826,0.8832,0.85,0.85,9528354.67,XRP/USDT,-3.693632449580797,Drawdown
2021-12-04 04:54:00,0.8504,0.853,0.8105,0.812,11660177.5,XRP/USDT,-4.4705882352941035,Drawdown
2021-12-04 05:03:00,0.826,0.8261,0.7862,0.7862,4980179.29,XRP/USDT,-4.818401937046001,Drawdown
2021-12-04 05:21:00,0.7679,0.7684,0.7261,0.7262,5430699.53,XRP/USDT,-5.430394582627951,Drawdown
2021-12-04 05:25:00,0.7081,0.7081,0.6629,0.6668,7120659.61,XRP/USDT,-5.832509532551899,Drawdown
2021-12-04 05:26:00,0.6675,0.6675,0.6325,0.6366,8261417.6,XRP/USDT,-4.529094181163751,Drawdown
2021-12-04 05:27:00,0.6366,0.6426,0.6,0.6035,5687101.29,XRP/USDT,-5.199497329563307,Drawdown
2021-12-04 05:28:00,0.6014,0.66,0.6001,0.6518,6142563.0,XRP/USDT,8.003314001656992,Spike
2021-12-04 05:30:00,0.6516,0.6728,0.6511,0.6714,5944608.0,XRP/USDT,3.038674033149169,Spike
2022-01-05 22:29:00,0.7676,0.7686,0.73,0.7396,12562955.0,XRP/USDT,-3.6477331943720603,Drawdown
2022-03-31 14:04:00,0.8293,0.8308,0.7794,0.7822,12440818.0,XRP/USDT,-5.679488725431092,Drawdown
2022-05-11 12:49:00,0.4538,0.455,0.434,0.434,6866831.17,XRP/USDT,-4.215404987861405,Drawdown
2022-05-11 12:50:00,0.4343,0.4375,0.413,0.4172,8567370.12,XRP/USDT,-3.8709677419354827,Drawdown
2022-05-11 12:52:00,0.4057,0.4287,0.4039,0.4215,7912349.0,XRP/USDT,4.125494071146241,Spike
2022-05-11 12:53:00,0.4219,0.4883,0.4162,0.4505,8296254.0,XRP/USDT,6.880189798339265,Spike
2022-05-11 12:54:00,0.4509,0.4534,0.4129,0.422,7596478.0,XRP/USDT,-6.326304106548286,Drawdown
2022-05-11 13:02:00,0.4175,0.4343,0.4175,0.4313,3762000.0,XRP/USDT,3.20650873414694,Spike
2022-05-11 13:22:00,0.4342,0.4348,0.4111,0.4175,7306023.0,XRP/USDT,-3.8904235727440173,Drawdown
2022-05-11 13:49:00,0.472,0.4901,0.4717,0.4874,8203691.0,XRP/USDT,3.2408388053378534,Spike
2022-05-11 20:54:00,0.4053,0.4054,0.3856,0.3875,11651108.74,XRP/USDT,-4.297357372190658,Drawdown
2022-05-11 20:55:00,0.3873,0.3874,0.3707,0.3753,8207349.23,XRP/USDT,-3.1483870967741856,Drawdown
2022-05-11 21:02:00,0.3774,0.3921,0.3753,0.3898,3753928.0,XRP/USDT,3.258278145695348,Spike
2022-08-19 06:38:00,0.3479,0.3486,0.3309,0.3323,7308085.0,XRP/USDT,-4.675846242111314,Drawdown
2022-08-19 06:39:00,0.3317,0.3423,0.3313,0.3423,6507505.0,XRP/USDT,3.009328919650911,Spike
2022-09-21 18:00:00,0.3993,0.4097,0.3801,0.3846,13412315.0,XRP/USDT,-3.681442524417733,Drawdown
2022-10-13 12:30:00,0.4682,0.4695,0.4458,0.4506,11247341.0,XRP/USDT,-3.8412291933418774,Drawdown
2022-11-08 18:20:00,0.4136,0.414,0.3983,0.3985,7794650.0,XRP/USDT,-3.5809339462859913,Drawdown
2022-11-08 19:31:00,0.37,0.3715,0.355,0.355,9100325.0,XRP/USDT,-4.054054054054057,Drawdown
2022-11-08 19:32:00,0.356,0.3614,0.3365,0.337,7535090.0,XRP/USDT,-5.070422535211261,Drawdown
2022-11-08 19:34:00,0.342,0.3698,0.3419,0.3615,4429082.0,XRP/USDT,5.332167832167833,Spike
2022-11-10 13:30:00,0.3661,0.3807,0.3651,0.3803,5422400.0,XRP/USDT,3.8503549972692452,Spike
2023-01-02 01:06:00,0.3357,0.3357,0.3,0.3167,40839065.0,XRP/USDT,-5.659815311289851,Drawdown
2023-03-28 18:45:00,0.5076,0.5276,0.5075,0.5245,16523806.0,XRP/USDT,3.329393223010224,Spike
2023-04-19 08:22:00,0.5014,0.5017,0.471,0.4755,13957583.0,XRP/USDT,-5.203349282296665,Drawdown
2023-07-13 15:27:00,0.4936,0.5447,0.4932,0.5419,37494432.0,XRP/USDT,9.785251215559176,Spike
2023-07-13 15:54:00,0.5939,0.5981,0.5735,0.5751,11495861.0,XRP/USDT,-3.1818181818181857,Drawdown
2023-07-13 18:15:00,0.8025,0.839,0.8025,0.8388,11402841.0,XRP/USDT,4.510341390480943,Spike
2023-07-13 18:26:00,0.909,0.93,0.8415,0.8804,18912322.0,XRP/USDT,-3.1569684303156986,Drawdown
2023-07-13 18:28:00,0.8679,0.8709,0.81,0.8255,20291671.0,XRP/USDT,-4.8743950218944505,Drawdown
2023-07-13 18:29:00,0.8252,0.8515,0.8186,0.851,11376738.0,XRP/USDT,3.0890369473046686,Spike
2023-07-13 18:30:00,0.8511,0.8531,0.8108,0.8208,12028379.0,XRP/USDT,-3.5487661574618135,Drawdown
2023-07-13 18:31:00,0.8209,0.822,0.7762,0.7911,17821810.0,XRP/USDT,-3.6184210526315708,Drawdown
2023-07-13 18:47:00,0.7844,0.7845,0.7565,0.7591,17259573.0,XRP/USDT,-3.2253952065272817,Drawdown
2023-07-13 19:35:00,0.7922,0.8466,0.7921,0.8374,12992316.0,XRP/USDT,5.705629891441566,Spike
2023-07-14 01:11:00,0.7578,0.759,0.731,0.7334,6767440.0,XRP/USDT,-3.232616440163605,Drawdown
2023-07-14 16:28:00,0.7694,0.7694,0.7348,0.7417,17319509.0,XRP/USDT,-3.6002079542500565,Drawdown
2023-07-24 09:50:00,0.7124,0.7124,0.687,0.6874,11970596.0,XRP/USDT,-3.50926445816957,Drawdown
2023-08-17 21:41:00,0.5481,0.5481,0.527,0.527,11319702.0,XRP/USDT,-3.849662470352122,Drawdown
2023-08-17 21:42:00,0.5271,0.5312,0.511,0.511,11221370.0,XRP/USDT,-3.0360531309297945,Drawdown
2023-08-17 21:43:00,0.5111,0.5111,0.475,0.4768,9851741.0,XRP/USDT,-6.692759295499018,Drawdown
2023-08-17 21:44:00,0.4767,0.4807,0.425,0.4298,10948636.0,XRP/USDT,-9.857382550335569,Drawdown
2023-08-17 21:45:00,0.4291,0.4883,0.4226,0.4657,12122361.0,XRP/USDT,8.352722196370399,Spike
2023-08-17 21:47:00,0.4702,0.4945,0.47,0.4888,7785074.0,XRP/USDT,4.0000000000000036,Spike
